replication,topology,parameter,truth,estimate,ci_05,ci_95,ci_025,ci_975,covered_90,covered_95
0,T1_LINEAR,E_to_E,0.93,0.8896275212378807,0.8185891456481306,0.9477689590616906,0.798756795045661,0.9545145452311519,True,True
0,T2_VALIDATOR,E_to_E,0.2,0.13536465498627354,0.07117016076650298,0.21122811247626141,0.06226029420081018,0.22882171335743776,True,True
1,T1_LINEAR,E_to_E,0.93,0.9216507297078605,0.8597154758729114,0.9701041977648439,0.8428018002070186,0.9752046645252175,True,True
1,T2_VALIDATOR,E_to_E,0.2,0.18296931824926754,0.10739849122005278,0.2739414896004121,0.09632891788327907,0.2929120212525693,True,True
2,T1_LINEAR,E_to_E,0.93,0.889105272128966,0.8167434707592693,0.9466237253720452,0.7994845576147958,0.954629647156893,True,True
2,T2_VALIDATOR,E_to_E,0.2,0.18577281202058546,0.1105807838327726,0.2730487773032533,0.0994311849201875,0.2908142153766405,True,True
3,T1_LINEAR,E_to_E,0.93,0.9229360124560327,0.860206697001757,0.9703713877760874,0.8477146372093266,0.9754798839186105,True,True
3,T2_VALIDATOR,E_to_E,0.2,0.26757299440818144,0.1781910097584263,0.371374054867381,0.16418377877173032,0.390448967926035,True,True
4,T1_LINEAR,E_to_E,0.93,0.9876810127615192,0.9598752184934926,0.9997123660872931,0.9495191737225505,0.9998806418592067,False,False
4,T2_VALIDATOR,E_to_E,0.2,0.16629817984494627,0.093774568509659,0.24894658946797552,0.08072926427122487,0.2691471061231343,True,True
5,T1_LINEAR,E_to_E,0.93,0.9075421407914716,0.8377471834874614,0.9583015497585977,0.820452911544802,0.9671049879436618,True,True
5,T2_VALIDATOR,E_to_E,0.2,0.18247251410842694,0.10851015140935666,0.26804713134773683,0.09779434329321858,0.2886845036561953,True,True
6,T1_LINEAR,E_to_E,0.93,0.9213149861266489,0.8572040814355933,0.9693771221668946,0.8418906548539282,0.9757883943781326,True,True
6,T2_VALIDATOR,E_to_E,0.2,0.23388947396119447,0.15120092397207194,0.32841948503788043,0.1373402687072812,0.348889517116093,True,True
7,T1_LINEAR,E_to_E,0.93,0.9225462901559371,0.8587656297144648,0.9689708788377015,0.8409541522640408,0.9734915699036257,True,True
7,T2_VALIDATOR,E_to_E,0.2,0.18504539854056934,0.10849689300974073,0.2746403689343028,0.09688407666106576,0.2950422221067832,True,True
8,T1_LINEAR,E_to_E,0.93,0.8897401420423195,0.818831390642884,0.9461984828565536,0.8055606694999018,0.9533401616662578,True,True
8,T2_VALIDATOR,E_to_E,0.2,0.2524107387610176,0.16415122203688107,0.3487633718156284,0.1495515628112115,0.3687015852026226,True,True
9,T1_LINEAR,E_to_E,0.93,0.9713745511907156,0.9303987279228937,0.9953060372118095,0.9189457634179996,0.9969834807781337,False,True
9,T2_VALIDATOR,E_to_E,0.2,0.2689768087511734,0.1811652334503808,0.36654882515898113,0.16519117494956495,0.3846854569093844,True,True
10,T1_LINEAR,E_to_E,0.93,0.9543257642544564,0.9039071242771272,0.9885724054877252,0.8906104997678622,0.9911862841388546,True,True
10,T2_VALIDATOR,E_to_E,0.2,0.2684804345310687,0.18227367817420964,0.36522901250026774,0.1653568819490053,0.38754594973371964,True,True
11,T1_LINEAR,E_to_E,0.93,0.9051446256678383,0.8375515622934723,0.9590063278125535,0.8221377282843235,0.9655365308630688,True,True
11,T2_VALIDATOR,E_to_E,0.2,0.26765157649138677,0.18202329262106343,0.3654084180057111,0.16893848651718793,0.38688600365777037,True,True
12,T1_LINEAR,E_to_E,0.93,0.9383101256217327,0.8824811482124191,0.9794495550791463,0.8705899038525187,0.9839592364537474,True,True
12,T2_VALIDATOR,E_to_E,0.2,0.20127019853411626,0.12206762471627562,0.2904183585757111,0.1111931555815473,0.3106640837864506,True,True
13,T1_LINEAR,E_to_E,0.93,0.9383232550789139,0.879304643018883,0.9797458271417968,0.8676770800038311,0.9842884217556968,True,True
13,T2_VALIDATOR,E_to_E,0.2,0.21742804830331633,0.13667005689848458,0.3083137630624383,0.12448681064436094,0.3280120402809816,True,True
14,T1_LINEAR,E_to_E,0.93,0.9238442509909538,0.8600488226268823,0.9698371352170817,0.846678784313009,0.9742350011517291,True,True
14,T2_VALIDATOR,E_to_E,0.2,0.1671844464716396,0.09544562810792964,0.25007373560199053,0.08541198462241929,0.26722167489858484,True,True
15,T1_LINEAR,E_to_E,0.93,0.9217082757449417,0.8606654488865333,0.9701854869854089,0.8451173261421848,0.975060396233494,True,True
15,T2_VALIDATOR,E_to_E,0.2,0.20267656064418607,0.12278401095465885,0.2933321205047086,0.11103171488597809,0.30984101513826745,True,True
16,T1_LINEAR,E_to_E,0.93,0.9549775342214253,0.9068792777535393,0.987568005276966,0.8946061176091508,0.9912271864769422,True,True
16,T2_VALIDATOR,E_to_E,0.2,0.170317185182312,0.1004901394688871,0.2527954966642037,0.08817578350121709,0.27607094375816893,True,True
17,T1_LINEAR,E_to_E,0.93,0.9385393048358535,0.8801518773113839,0.9798822957554979,0.86731510392417,0.9841796510816392,True,True
17,T2_VALIDATOR,E_to_E,0.2,0.18412275338692377,0.1069814995810694,0.2711234478956967,0.09704074770346889,0.2890430692236669,True,True
18,T1_LINEAR,E_to_E,0.93,0.9218816894675239,0.8621782272643529,0.9698755881358888,0.8446786842593204,0.9746858150838865,True,True
18,T2_VALIDATOR,E_to_E,0.2,0.2335944254142545,0.1472335563127331,0.3257440013039882,0.13558888704068453,0.33964805709625084,True,True
19,T1_LINEAR,E_to_E,0.93,0.9055902062355419,0.8367027842493725,0.9581573559544946,0.8201606926199426,0.964026015329914,True,True
19,T2_VALIDATOR,E_to_E,0.2,0.25176656383680746,0.16637574810395894,0.34770283672699187,0.15384503234019095,0.36646136416420266,True,True
20,T1_LINEAR,E_to_E,0.93,0.938011223938035,0.8785628463963486,0.9797931587550943,0.8621569359654973,0.9841914895781644,True,True
20,T2_VALIDATOR,E_to_E,0.2,0.20081884465085362,0.12164587527513725,0.29415353235698055,0.11285683859787712,0.31188323871906104,True,True
21,T1_LINEAR,E_to_E,0.93,0.8726052741050039,0.7933900560862054,0.9357819556315135,0.7748466270265654,0.944890224017848,True,True
21,T2_VALIDATOR,E_to_E,0.2,0.18496442876808541,0.1097661079013008,0.2694046061384416,0.09938764181754765,0.28450544607143663,True,True
22,T1_LINEAR,E_to_E,0.93,0.922094160658319,0.8596097062246048,0.9691907458917342,0.8470203518141881,0.9748152437468928,True,True
22,T2_VALIDATOR,E_to_E,0.2,0.20088907841674336,0.12083426918603499,0.2921310336275949,0.10988170191148013,0.3153843362869782,True,True
23,T1_LINEAR,E_to_E,0.93,0.9371387150531282,0.8797958985040157,0.9788205349564716,0.8665505716412413,0.9835083744160736,True,True
23,T2_VALIDATOR,E_to_E,0.2,0.1837328725487824,0.10900823059422207,0.26951343521108195,0.09825088085717369,0.2866900073893401,True,True
24,T1_LINEAR,E_to_E,0.93,0.9223912512070185,0.8616074520257033,0.969284419594431,0.8467833158362343,0.9736298554350715,True,True
24,T2_VALIDATOR,E_to_E,0.2,0.18451719995148938,0.11114177951305239,0.2730420109590906,0.0975310836082542,0.2918114681227336,True,True
25,T1_LINEAR,E_to_E,0.93,0.9049192309364998,0.8364721904977599,0.9564419271884185,0.8199902462739193,0.9627134657306424,True,True
25,T2_VALIDATOR,E_to_E,0.2,0.3158037674069457,0.22310478277831772,0.4166401866425135,0.2078811282806666,0.4359515277870553,False,False
26,T1_LINEAR,E_to_E,0.93,0.9224788918748748,0.8611006823630002,0.9689804716998923,0.8453439416311053,0.9755731669464388,True,True
26,T2_VALIDATOR,E_to_E,0.2,0.25245660501054457,0.1663838650823848,0.3443617851638621,0.15268425746113906,0.36243855390570073,True,True
27,T1_LINEAR,E_to_E,0.93,0.9048245911047116,0.837358617214347,0.9587854259578712,0.821654260565642,0.9650807083195357,True,True
27,T2_VALIDATOR,E_to_E,0.2,0.13591580845939086,0.07229621517069607,0.2140536980494484,0.06175724114742106,0.23187553701691446,True,True
28,T1_LINEAR,E_to_E,0.93,0.8731659139046173,0.7991420357676906,0.9349000130696058,0.7785621875816036,0.9431710526495022,True,True
28,T2_VALIDATOR,E_to_E,0.2,0.20127458108521318,0.12604771727577477,0.289589423212574,0.11600500125523082,0.3100184174783788,True,True
29,T1_LINEAR,E_to_E,0.93,0.9389870369920527,0.8821650259616491,0.9799319727314935,0.8664413241742244,0.9837941729081341,True,True
29,T2_VALIDATOR,E_to_E,0.2,0.21808297704526258,0.1408710542930732,0.3042065939709999,0.1289088266090353,0.32262058487546086,True,True
30,T1_LINEAR,E_to_E,0.93,0.9220840424157088,0.8621664943172179,0.9687759278299717,0.8472713287818113,0.9749088227108483,True,True
30,T2_VALIDATOR,E_to_E,0.2,0.2026672557766304,0.1269262573207846,0.2888997144188704,0.11376769361921081,0.30865572472329206,True,True
31,T1_LINEAR,E_to_E,0.93,0.9055130192695006,0.8378732668169943,0.9583840371798353,0.8221472767038253,0.9636571858348818,True,True
31,T2_VALIDATOR,E_to_E,0.2,0.21772139732636114,0.1380944412715882,0.3101188889553925,0.12435737454576706,0.3281472088221803,True,True
32,T1_LINEAR,E_to_E,0.93,0.9557225956459849,0.904859841024296,0.9889528082962529,0.8920519274488421,0.9914860043456188,True,True
32,T2_VALIDATOR,E_to_E,0.2,0.1509039041385449,0.0847546208042593,0.2300475841140966,0.0763955198703946,0.25028821893526565,True,True
33,T1_LINEAR,E_to_E,0.93,0.9234317238290352,0.860884758412274,0.9703561745567844,0.8467689240162488,0.9759865369382812,True,True
33,T2_VALIDATOR,E_to_E,0.2,0.21813365272065652,0.13640054959732859,0.30892609934610565,0.12444453732084178,0.32843441465784207,True,True
34,T1_LINEAR,E_to_E,0.93,0.8725490361379357,0.7974524972866935,0.9366380017091759,0.7794675596780992,0.9446247443148322,True,True
34,T2_VALIDATOR,E_to_E,0.2,0.13691586681620183,0.07341639732373452,0.2132751167333015,0.06563645734747597,0.23420161627154215,True,True
35,T1_LINEAR,E_to_E,0.93,0.873997057189157,0.7981700440334721,0.9372118167768237,0.780985377859153,0.9459719330081391,True,True
35,T2_VALIDATOR,E_to_E,0.2,0.20214839605132465,0.12424833563383958,0.2865063291129593,0.11378492822487295,0.30145290793154755,True,True
36,T1_LINEAR,E_to_E,0.93,0.9375573794569152,0.8788626265971561,0.9796124843196138,0.8657706753419723,0.9841068789031211,True,True
36,T2_VALIDATOR,E_to_E,0.2,0.20063428658002558,0.12283038110904637,0.290073845237648,0.11178103911557034,0.3091465706388129,True,True
37,T1_LINEAR,E_to_E,0.93,0.9556734915074515,0.9043609581503281,0.9882844256330846,0.8942465996639448,0.9914507904594674,True,True
37,T2_VALIDATOR,E_to_E,0.2,0.23430734533216765,0.15096476035843512,0.3221653967505925,0.1374695845769005,0.34296802199592796,True,True
38,T1_LINEAR,E_to_E,0.93,0.9066550322152034,0.8381603040096117,0.9588628579122785,0.823130132965644,0.9644988217481079,True,True
38,T2_VALIDATOR,E_to_E,0.2,0.16806057107209757,0.09487931494556644,0.25328701528638664,0.08442864560074215,0.2689246374950048,True,True
39,T1_LINEAR,E_to_E,0.93,0.9558883645053206,0.9047344090789115,0.9892213329887337,0.8941386389173481,0.9919041642012961,True,True
39,T2_VALIDATOR,E_to_E,0.2,0.16764622095968162,0.09656483353114681,0.25158546088903255,0.086659911815024,0.2681608731078512,True,True
40,T1_LINEAR,E_to_E,0.93,0.9213545551704065,0.8556080906105086,0.9693915117265246,0.8390464979045439,0.9751488558479026,True,True
40,T2_VALIDATOR,E_to_E,0.2,0.24967770008766121,0.16178928381585395,0.3494817511557631,0.15059141215734761,0.3693684675857609,True,True
41,T1_LINEAR,E_to_E,0.93,0.9057980566313727,0.8360891260463489,0.957508481377494,0.8194318715496536,0.9624958051762584,True,True
41,T2_VALIDATOR,E_to_E,0.2,0.20238673986376057,0.12512168933030768,0.29210173064506184,0.11059801856658373,0.3066619612206046,True,True
42,T1_LINEAR,E_to_E,0.93,0.9544761351374653,0.9040722181531696,0.9873875261453118,0.8883643792699992,0.9909535526780647,True,True
42,T2_VALIDATOR,E_to_E,0.2,0.20078563393368132,0.12200392650947196,0.2863052394392238,0.10999665051918844,0.30937623221696375,True,True
43,T1_LINEAR,E_to_E,0.93,0.8386338438130208,0.7531445533506506,0.907480289452986,0.7335837519104937,0.9199839664266345,False,False
43,T2_VALIDATOR,E_to_E,0.2,0.23345692123286405,0.14787915028173024,0.323817337919304,0.13521707879539357,0.34512885095678386,True,True
44,T1_LINEAR,E_to_E,0.93,0.8878912308293833,0.8176901674972679,0.9452303756033629,0.8018789653988467,0.9539920265265913,True,True
44,T2_VALIDATOR,E_to_E,0.2,0.16797259256720873,0.09682766480390195,0.25144420628379355,0.08666455264404725,0.2671645631619603,True,True
45,T1_LINEAR,E_to_E,0.93,0.920761913501311,0.859155928495434,0.9687822975204505,0.8456779040588379,0.9729876887105529,True,True
45,T2_VALIDATOR,E_to_E,0.2,0.15366220219598872,0.0865342776551401,0.2350438553793475,0.076834968791803,0.25693118764979145,True,True
46,T1_LINEAR,E_to_E,0.93,0.9214514880232065,0.8601139287562112,0.9680421832545754,0.8400047337147252,0.9730985052497951,True,True
46,T2_VALIDATOR,E_to_E,0.2,0.21955313413226332,0.14020761374321977,0.3130473415284425,0.12462330015057259,0.3332915117532535,True,True
47,T1_LINEAR,E_to_E,0.93,0.9390890110406003,0.8826750276198241,0.9799313395710513,0.8701684139298707,0.9843602119859555,True,True
47,T2_VALIDATOR,E_to_E,0.2,0.24900739166067448,0.16186714128761379,0.34113954003497826,0.14811562371181755,0.36086714134668896,True,True
48,T1_LINEAR,E_to_E,0.93,0.8725590139254406,0.7978276119963843,0.9322441445502634,0.7746578542331365,0.9411045213604109,True,True
48,T2_VALIDATOR,E_to_E,0.2,0.30027700854529665,0.20781685083105747,0.40063983903467487,0.1948135239114381,0.42139830342731244,False,True
49,T1_LINEAR,E_to_E,0.93,0.9560700060663523,0.9083159923601243,0.9883680065573761,0.8969482391493323,0.991498164618502,True,True
49,T2_VALIDATOR,E_to_E,0.2,0.25174950366216803,0.16719751288824933,0.34919939054288784,0.1542982360198208,0.3721002174218154,True,True
50,T1_LINEAR,E_to_E,0.93,0.8720302077387561,0.7957696467452873,0.9341484363912362,0.7810877338345876,0.9441709187464009,True,True
50,T2_VALIDATOR,E_to_E,0.2,0.28191841700181036,0.19165224044098764,0.376552325372103,0.17695194966318387,0.398140780236257,True,True
51,T1_LINEAR,E_to_E,0.93,0.9231701443566976,0.8606254603244163,0.9701274251577756,0.8453770764036791,0.9750699872203678,True,True
51,T2_VALIDATOR,E_to_E,0.2,0.2163389339721205,0.1360493011175707,0.3087242509260033,0.12196222796282116,0.32904764669581615,True,True
52,T1_LINEAR,E_to_E,0.93,0.8885221759322985,0.8171358468340799,0.9453239275749509,0.7954213654280714,0.9556713908632695,True,True
52,T2_VALIDATOR,E_to_E,0.2,0.11887766847174878,0.05751314399860472,0.19350596130834485,0.049008465462319344,0.20985364915516935,False,True
53,T1_LINEAR,E_to_E,0.93,0.9071825232216818,0.8402225263103477,0.9584280860455292,0.8258975883906706,0.965394264718484,True,True
53,T2_VALIDATOR,E_to_E,0.2,0.1850783198129051,0.10909512755735594,0.2726236655574613,0.09689628134294456,0.29114903260394254,True,True
54,T1_LINEAR,E_to_E,0.93,0.9555398176810557,0.9042143954058612,0.9874806848340243,0.8907089142651845,0.9904216274565422,True,True
54,T2_VALIDATOR,E_to_E,0.2,0.15499130456297808,0.08683491965120436,0.2326873064778792,0.07737629639869277,0.2487953201878097,True,True
55,T1_LINEAR,E_to_E,0.93,0.8897991931968702,0.8201289117854833,0.947296066500461,0.7998964221228673,0.957011525005592,True,True
55,T2_VALIDATOR,E_to_E,0.2,0.2325394482101521,0.14825322232923074,0.3230608149311381,0.13568731207195364,0.34644367507903423,True,True
56,T1_LINEAR,E_to_E,0.93,0.9235187332961106,0.8636941895448985,0.9686552008490983,0.8488324288923151,0.9747663035821043,True,True
56,T2_VALIDATOR,E_to_E,0.2,0.21709847823730435,0.13373669042355552,0.3070431551233372,0.12447834664096595,0.32928935778761403,True,True
57,T1_LINEAR,E_to_E,0.93,0.9376324053362591,0.878930369606204,0.9785926205068036,0.8645722131826397,0.9832185044672509,True,True
57,T2_VALIDATOR,E_to_E,0.2,0.1685459122926045,0.09486696003374363,0.252244791891337,0.08656067224015933,0.26735011491950966,True,True
58,T1_LINEAR,E_to_E,0.93,0.906017890897971,0.8393361503945628,0.9594633221887524,0.82134451438741,0.9649317519157432,True,True
58,T2_VALIDATOR,E_to_E,0.2,0.2665593455441642,0.1800658068956781,0.3651532102038592,0.16709695345336498,0.38654388595693207,True,True
59,T1_LINEAR,E_to_E,0.93,0.9543013485341969,0.9017213684767611,0.9876190779446586,0.8875361738418674,0.9901574480354728,True,True
59,T2_VALIDATOR,E_to_E,0.2,0.14985690261322668,0.0804947509880709,0.2302232647176091,0.06960199649127241,0.25035929098475607,True,True
60,T1_LINEAR,E_to_E,0.93,0.9383545702070509,0.8787851908591867,0.9806062085801371,0.865088730032127,0.9850034678643498,True,True
60,T2_VALIDATOR,E_to_E,0.2,0.17001226761852087,0.09763703094299679,0.25711411522759886,0.08562619411559057,0.27181549557386986,True,True
61,T1_LINEAR,E_to_E,0.93,0.9542998156373615,0.9021217584839089,0.9881645611427443,0.889231404067188,0.9912516391922234,True,True
61,T2_VALIDATOR,E_to_E,0.2,0.21693216770986024,0.13744467236511707,0.30771458677382985,0.12277937771239165,0.32479428479098127,True,True
62,T1_LINEAR,E_to_E,0.93,0.9206726823201882,0.855408914105423,0.9696766161799244,0.8396406581564799,0.9757395817665595,True,True
62,T2_VALIDATOR,E_to_E,0.2,0.21658244643761207,0.13503364362763648,0.309879480919733,0.12418581519683444,0.32915216105954653,True,True
63,T1_LINEAR,E_to_E,0.93,0.8576971300650169,0.7798555466289891,0.9242477937267917,0.7611195167610956,0.9310394720023315,False,True
63,T2_VALIDATOR,E_to_E,0.2,0.28307675113021935,0.19543495019065338,0.3805655570195874,0.17996133722023447,0.3959872598528526,True,True
64,T1_LINEAR,E_to_E,0.93,0.9395701590667135,0.8853956061534055,0.9784872359544349,0.8671245796585764,0.9830300941200449,True,True
64,T2_VALIDATOR,E_to_E,0.2,0.26606072515311324,0.1749928706004403,0.3637886546377193,0.1607099224014633,0.3833667531982849,True,True
65,T1_LINEAR,E_to_E,0.93,0.9383887858231733,0.8835343547712035,0.9780996718880539,0.8655353442858588,0.982015503740832,True,True
65,T2_VALIDATOR,E_to_E,0.2,0.16872170565041783,0.09731291273009751,0.25622694392879514,0.08515607989911284,0.2751482981943599,True,True
66,T1_LINEAR,E_to_E,0.93,0.9069371927754569,0.8394899507171243,0.9589451700995222,0.8251847578294043,0.9661143999167308,True,True
66,T2_VALIDATOR,E_to_E,0.2,0.21639924955268394,0.1398313958295049,0.30266413906000983,0.12773364893309444,0.3205542391809806,True,True
67,T1_LINEAR,E_to_E,0.93,0.9544375980753766,0.905663009887831,0.9881961410041098,0.8901215459909034,0.991435217487671,True,True
67,T2_VALIDATOR,E_to_E,0.2,0.10326186420405807,0.0484179530155272,0.1753491441810692,0.0419257926450317,0.19081116759879707,False,False
68,T1_LINEAR,E_to_E,0.93,0.9057723148893934,0.8410404511700588,0.9576541298047968,0.82486832857335,0.9649966415645242,True,True
68,T2_VALIDATOR,E_to_E,0.2,0.18506835921780068,0.10845684293597971,0.2695696419545224,0.09633301091814406,0.28632033034759014,True,True
69,T1_LINEAR,E_to_E,0.93,0.9064156062343383,0.8402742065761362,0.9577901925915053,0.8272678954463304,0.9655023098637209,True,True
69,T2_VALIDATOR,E_to_E,0.2,0.26702485004911225,0.18025255826317788,0.3647450950426707,0.16563109872455076,0.38524515680731214,True,True
70,T1_LINEAR,E_to_E,0.93,0.9238477709184335,0.864384190982957,0.9691880656202959,0.8493714346585975,0.9750709645509694,True,True
70,T2_VALIDATOR,E_to_E,0.2,0.16779597703393717,0.09470904763223059,0.25545969679778086,0.08663583881652534,0.27215558319154676,True,True
71,T1_LINEAR,E_to_E,0.93,0.9712765899175385,0.9276666274100788,0.9954408779659437,0.9153369391256525,0.9971645535428727,True,True
71,T2_VALIDATOR,E_to_E,0.2,0.1516988985481718,0.08345175198275824,0.23387520740510628,0.07444115925666736,0.25199266597428344,True,True
72,T1_LINEAR,E_to_E,0.93,0.9383626259787785,0.8805453827830214,0.9788741572689932,0.8638615983033717,0.982011996848669,True,True
72,T2_VALIDATOR,E_to_E,0.2,0.20013624198748478,0.12235575501162012,0.29059241980916917,0.1104587562833013,0.3076888114536091,True,True
73,T1_LINEAR,E_to_E,0.93,0.9048222665887681,0.8368735059393763,0.9567312571715403,0.8215771487876893,0.9625895181650559,True,True
73,T2_VALIDATOR,E_to_E,0.2,0.23338057648818886,0.14909407505940636,0.32295295806209273,0.13817417530004145,0.339823134965186,True,True
74,T1_LINEAR,E_to_E,0.93,0.9542558281836279,0.9034246995206668,0.9877430836718365,0.8908968080112147,0.9906258183088281,True,True
74,T2_VALIDATOR,E_to_E,0.2,0.15366873622790758,0.08443219107940012,0.23344087715729162,0.07506292458144005,0.24877470962432496,True,True
75,T1_LINEAR,E_to_E,0.93,0.9060841419736243,0.8391989794683687,0.960382176842669,0.8251304860080197,0.9667609878075816,True,True
75,T2_VALIDATOR,E_to_E,0.2,0.3003924122939381,0.20918934892925442,0.40014103135519014,0.19611612690310717,0.41916675917705315,False,True
76,T1_LINEAR,E_to_E,0.93,0.9555632298152363,0.9047650043644633,0.9882157743435305,0.8947727652834448,0.9909247556997389,True,True
76,T2_VALIDATOR,E_to_E,0.2,0.31584974214742806,0.22394081681748063,0.4152663006724736,0.20725119682250961,0.4376082327356039,False,False
77,T1_LINEAR,E_to_E,0.93,0.9714014698963612,0.9295600552834519,0.9957208785522493,0.9152984750922889,0.997256588031872,True,True
77,T2_VALIDATOR,E_to_E,0.2,0.11780305394295597,0.05794207704530223,0.19008207850251763,0.05037548648859838,0.205797906647751,False,True
78,T1_LINEAR,E_to_E,0.93,0.9059649140580361,0.8379708867251644,0.9568105257469002,0.8223919028379131,0.9631320528702761,True,True
78,T2_VALIDATOR,E_to_E,0.2,0.2186421870246113,0.13772126369897242,0.31500086347899464,0.125573724317805,0.33189096761478354,True,True
79,T1_LINEAR,E_to_E,0.93,0.8556647476114349,0.778286712886992,0.9233742524816678,0.7618426096418027,0.9326981720295594,False,True
79,T2_VALIDATOR,E_to_E,0.2,0.15286345420141254,0.08568279945999838,0.23674674050626804,0.07357554052448584,0.2528852950759813,True,True
