lob,iteration,method,percentage_error
comauto,0,chain_ladder,-0.023266697238349517
comauto,0,mack_chain_ladder,-0.023266697238349517
comauto,0,bornhuetter_ferguson,0.024167639051004556
comauto,1,chain_ladder,-0.01387681086731522
comauto,1,mack_chain_ladder,-0.01387681086731522
comauto,1,bornhuetter_ferguson,0.06366676892018752
comauto,2,chain_ladder,-0.029203912340863926
comauto,2,mack_chain_ladder,-0.029203912340863926
comauto,2,bornhuetter_ferguson,0.0273352420335891
comauto,3,chain_ladder,-0.014583315740077792
comauto,3,mack_chain_ladder,-0.014583315740077792
comauto,3,bornhuetter_ferguson,0.050868106247154744
comauto,4,chain_ladder,-0.023516080260644424
comauto,4,mack_chain_ladder,-0.023516080260644424
comauto,4,bornhuetter_ferguson,0.025567514712847843
comauto,5,chain_ladder,-0.031046722208123188
comauto,5,mack_chain_ladder,-0.031046722208123188
comauto,5,bornhuetter_ferguson,0.005686341262265336
comauto,6,chain_ladder,-0.023919037187338472
comauto,6,mack_chain_ladder,-0.023919037187338472
comauto,6,bornhuetter_ferguson,0.030585863087955925
comauto,7,chain_ladder,-0.02955014201518459
comauto,7,mack_chain_ladder,-0.02955014201518459
comauto,7,bornhuetter_ferguson,0.0378133395917041
comauto,8,chain_ladder,-0.017010835600325385
comauto,8,mack_chain_ladder,-0.017010835600325385
comauto,8,bornhuetter_ferguson,0.030376669489452893
comauto,9,chain_ladder,-0.008643618295851044
comauto,9,mack_chain_ladder,-0.008643618295851044
comauto,9,bornhuetter_ferguson,0.06827564575075369
comauto,10,chain_ladder,-0.016429705479654392
comauto,10,mack_chain_ladder,-0.016429705479654392
comauto,10,bornhuetter_ferguson,0.05582553505583192
comauto,11,chain_ladder,-0.011978779306225786
comauto,11,mack_chain_ladder,-0.011978779306225786
comauto,11,bornhuetter_ferguson,0.07241186193907878
comauto,12,chain_ladder,-0.016824620053056266
comauto,12,mack_chain_ladder,-0.016824620053056266
comauto,12,bornhuetter_ferguson,0.045381603450027744
comauto,13,chain_ladder,-0.014747777657492777
comauto,13,mack_chain_ladder,-0.014747777657492777
comauto,13,bornhuetter_ferguson,0.09528600049703617
comauto,14,chain_ladder,-0.027825774962822205
comauto,14,mack_chain_ladder,-0.027825774962822205
comauto,14,bornhuetter_ferguson,0.030222430189417334
comauto,15,chain_ladder,-0.005595683759434582
comauto,15,mack_chain_ladder,-0.005595683759434582
comauto,15,bornhuetter_ferguson,0.07169701694373484
comauto,16,chain_ladder,-0.02607706886081276
comauto,16,mack_chain_ladder,-0.02607706886081276
comauto,16,bornhuetter_ferguson,0.026698172143244495
comauto,17,chain_ladder,-0.028057998542672054
comauto,17,mack_chain_ladder,-0.028057998542672054
comauto,17,bornhuetter_ferguson,0.019315822166228187
comauto,18,chain_ladder,-0.009261309223199317
comauto,18,mack_chain_ladder,-0.009261309223199317
comauto,18,bornhuetter_ferguson,0.11255520097135395
comauto,19,chain_ladder,-0.005839453431397007
comauto,19,mack_chain_ladder,-0.005839453431397007
comauto,19,bornhuetter_ferguson,0.08741476920974091
comauto,20,chain_ladder,-0.02430088531349606
comauto,20,mack_chain_ladder,-0.02430088531349606
comauto,20,bornhuetter_ferguson,0.03841208566603527
comauto,21,chain_ladder,-0.02188295895675009
comauto,21,mack_chain_ladder,-0.02188295895675009
comauto,21,bornhuetter_ferguson,0.04089853870209858
comauto,22,chain_ladder,-0.019056893206951083
comauto,22,mack_chain_ladder,-0.019056893206951083
comauto,22,bornhuetter_ferguson,0.05437705828357741
comauto,23,chain_ladder,-0.013911974082710653
comauto,23,mack_chain_ladder,-0.013911974082710653
comauto,23,bornhuetter_ferguson,0.041362061011219725
comauto,24,chain_ladder,-0.0027760931154794406
comauto,24,mack_chain_ladder,-0.0027760931154794406
comauto,24,bornhuetter_ferguson,0.06555334982655671
comauto,25,chain_ladder,-0.007194188616084458
comauto,25,mack_chain_ladder,-0.007194188616084458
comauto,25,bornhuetter_ferguson,0.04587209161706454
comauto,26,chain_ladder,-0.010158775989233641
comauto,26,mack_chain_ladder,-0.010158775989233641
comauto,26,bornhuetter_ferguson,0.08736957226619732
comauto,27,chain_ladder,-0.011079378979204052
comauto,27,mack_chain_ladder,-0.011079378979204052
comauto,27,bornhuetter_ferguson,0.09308860528826085
comauto,28,chain_ladder,-0.02819914241584083
comauto,28,mack_chain_ladder,-0.02819914241584083
comauto,28,bornhuetter_ferguson,0.015349955889962645
comauto,29,chain_ladder,-0.016325317363600333
comauto,29,mack_chain_ladder,-0.016325317363600333
comauto,29,bornhuetter_ferguson,0.033234406195203806
comauto,30,chain_ladder,-0.023602282926813035
comauto,30,mack_chain_ladder,-0.023602282926813035
comauto,30,bornhuetter_ferguson,0.039249833196819205
comauto,31,chain_ladder,-0.021550849627686303
comauto,31,mack_chain_ladder,-0.021550849627686303
comauto,31,bornhuetter_ferguson,0.03668693205888562
comauto,32,chain_ladder,-0.033659022164984745
comauto,32,mack_chain_ladder,-0.033659022164984745
comauto,32,bornhuetter_ferguson,0.03575329739006179
comauto,33,chain_ladder,-0.006387463458666541
comauto,33,mack_chain_ladder,-0.006387463458666541
comauto,33,bornhuetter_ferguson,0.06442547604955985
comauto,34,chain_ladder,-0.011386806421263357
comauto,34,mack_chain_ladder,-0.011386806421263357
comauto,34,bornhuetter_ferguson,0.049196403560809523
comauto,35,chain_ladder,-0.03189726806749788
comauto,35,mack_chain_ladder,-0.03189726806749788
comauto,35,bornhuetter_ferguson,0.03104912536404339
comauto,36,chain_ladder,-0.0332806246713392
comauto,36,mack_chain_ladder,-0.0332806246713392
comauto,36,bornhuetter_ferguson,0.01572892581569465
comauto,37,chain_ladder,-0.009630317131043287
comauto,37,mack_chain_ladder,-0.009630317131043287
comauto,37,bornhuetter_ferguson,0.056648776828766276
comauto,38,chain_ladder,-0.016448142503947695
comauto,38,mack_chain_ladder,-0.016448142503947695
comauto,38,bornhuetter_ferguson,0.08608658499563052
comauto,39,chain_ladder,-0.017509503368018417
comauto,39,mack_chain_ladder,-0.017509503368018417
comauto,39,bornhuetter_ferguson,0.0412048814988184
comauto,40,chain_ladder,-0.02190726191654527
comauto,40,mack_chain_ladder,-0.02190726191654527
comauto,40,bornhuetter_ferguson,0.0611517466127374
comauto,41,chain_ladder,-0.02662708156334737
comauto,41,mack_chain_ladder,-0.02662708156334737
comauto,41,bornhuetter_ferguson,0.01358877835995208
comauto,42,chain_ladder,-0.025028986617184792
comauto,42,mack_chain_ladder,-0.025028986617184792
comauto,42,bornhuetter_ferguson,0.057322634133195355
comauto,43,chain_ladder,-0.03232563286884149
comauto,43,mack_chain_ladder,-0.03232563286884149
comauto,43,bornhuetter_ferguson,0.035899176063536695
comauto,44,chain_ladder,-0.015050739508030635
comauto,44,mack_chain_ladder,-0.015050739508030635
comauto,44,bornhuetter_ferguson,0.04044269301715454
comauto,45,chain_ladder,-0.017145021148756535
comauto,45,mack_chain_ladder,-0.017145021148756535
comauto,45,bornhuetter_ferguson,0.038611368925950684
comauto,46,chain_ladder,-0.004745541671008079
comauto,46,mack_chain_ladder,-0.004745541671008079
comauto,46,bornhuetter_ferguson,0.061691161630291855
comauto,47,chain_ladder,-0.02349944544792681
comauto,47,mack_chain_ladder,-0.02349944544792681
comauto,47,bornhuetter_ferguson,0.053206216667970464
comauto,48,chain_ladder,-0.027257763935727205
comauto,48,mack_chain_ladder,-0.027257763935727205
comauto,48,bornhuetter_ferguson,0.013543405119527745
comauto,49,chain_ladder,-0.015162899893821531
comauto,49,mack_chain_ladder,-0.015162899893821531
comauto,49,bornhuetter_ferguson,0.05779716307752674
comauto,50,chain_ladder,-0.024857439892549765
comauto,50,mack_chain_ladder,-0.024857439892549765
comauto,50,bornhuetter_ferguson,0.04142026435275279
comauto,51,chain_ladder,-0.027495374659592148
comauto,51,mack_chain_ladder,-0.027495374659592148
comauto,51,bornhuetter_ferguson,0.01595901259710727
comauto,52,chain_ladder,-0.004862019087617677
comauto,52,mack_chain_ladder,-0.004862019087617677
comauto,52,bornhuetter_ferguson,0.07805492705301878
comauto,53,chain_ladder,-0.009128964390529353
comauto,53,mack_chain_ladder,-0.009128964390529353
comauto,53,bornhuetter_ferguson,0.08164964974250113
comauto,54,chain_ladder,-0.0073212655711950856
comauto,54,mack_chain_ladder,-0.0073212655711950856
comauto,54,bornhuetter_ferguson,0.05801580900890359
comauto,55,chain_ladder,-0.024495478666894298
comauto,55,mack_chain_ladder,-0.024495478666894298
comauto,55,bornhuetter_ferguson,0.04170642307028454
comauto,56,chain_ladder,-0.015511474732593674
comauto,56,mack_chain_ladder,-0.015511474732593674
comauto,56,bornhuetter_ferguson,0.06969231361332999
comauto,57,chain_ladder,-0.0012344421931284402
comauto,57,mack_chain_ladder,-0.0012344421931284402
comauto,57,bornhuetter_ferguson,0.06928500622692502
comauto,58,chain_ladder,-0.03439939444192498
comauto,58,mack_chain_ladder,-0.03439939444192498
comauto,58,bornhuetter_ferguson,0.005344192345395911
comauto,59,chain_ladder,-0.02541970804105052
comauto,59,mack_chain_ladder,-0.02541970804105052
comauto,59,bornhuetter_ferguson,0.038567867157241496
comauto,60,chain_ladder,-0.03260892166733699
comauto,60,mack_chain_ladder,-0.03260892166733699
comauto,60,bornhuetter_ferguson,0.0037646773412582145
comauto,61,chain_ladder,-0.035254106920948845
comauto,61,mack_chain_ladder,-0.035254106920948845
comauto,61,bornhuetter_ferguson,0.005198400690329964
comauto,62,chain_ladder,-0.007814572262863164
comauto,62,mack_chain_ladder,-0.007814572262863164
comauto,62,bornhuetter_ferguson,0.07350730234789886
comauto,63,chain_ladder,-0.015207319229646177
comauto,63,mack_chain_ladder,-0.015207319229646177
comauto,63,bornhuetter_ferguson,0.04896843347432662
comauto,64,chain_ladder,-0.02956433878858961
comauto,64,mack_chain_ladder,-0.02956433878858961
comauto,64,bornhuetter_ferguson,0.027645841571225557
comauto,65,chain_ladder,-0.011417420536269858
comauto,65,mack_chain_ladder,-0.011417420536269858
comauto,65,bornhuetter_ferguson,0.06963208480842678
comauto,66,chain_ladder,-0.026553869671735293
comauto,66,mack_chain_ladder,-0.026553869671735293
comauto,66,bornhuetter_ferguson,0.05222433349820128
comauto,67,chain_ladder,-0.032606626623686547
comauto,67,mack_chain_ladder,-0.032606626623686547
comauto,67,bornhuetter_ferguson,0.009455127264189648
comauto,68,chain_ladder,-0.03638057633655237
comauto,68,mack_chain_ladder,-0.03638057633655237
comauto,68,bornhuetter_ferguson,0.019546999669271897
comauto,69,chain_ladder,-0.014776142829979036
comauto,69,mack_chain_ladder,-0.014776142829979036
comauto,69,bornhuetter_ferguson,0.07859137175048865
comauto,70,chain_ladder,-0.017121072475120656
comauto,70,mack_chain_ladder,-0.017121072475120656
comauto,70,bornhuetter_ferguson,0.09237322062522783
comauto,71,chain_ladder,-0.015496878720300826
comauto,71,mack_chain_ladder,-0.015496878720300826
comauto,71,bornhuetter_ferguson,0.033175486986600666
comauto,72,chain_ladder,-0.02590336003859053
comauto,72,mack_chain_ladder,-0.02590336003859053
comauto,72,bornhuetter_ferguson,0.026395171300516843
comauto,73,chain_ladder,-0.02983649100881744
comauto,73,mack_chain_ladder,-0.02983649100881744
comauto,73,bornhuetter_ferguson,0.03144973127916902
comauto,74,chain_ladder,-0.011460493797525007
comauto,74,mack_chain_ladder,-0.011460493797525007
comauto,74,bornhuetter_ferguson,0.05295809007555493
comauto,75,chain_ladder,-0.022394066444653922
comauto,75,mack_chain_ladder,-0.022394066444653922
comauto,75,bornhuetter_ferguson,0.02134191588222628
comauto,76,chain_ladder,-0.017234350431882425
comauto,76,mack_chain_ladder,-0.017234350431882425
comauto,76,bornhuetter_ferguson,0.06359542593748997
comauto,77,chain_ladder,-0.02151476368539751
comauto,77,mack_chain_ladder,-0.02151476368539751
comauto,77,bornhuetter_ferguson,0.03435491543982224
comauto,78,chain_ladder,-0.024019271122958357
comauto,78,mack_chain_ladder,-0.024019271122958357
comauto,78,bornhuetter_ferguson,0.028695977471737775
comauto,79,chain_ladder,-0.017232738615840414
comauto,79,mack_chain_ladder,-0.017232738615840414
comauto,79,bornhuetter_ferguson,0.05357886057440636
comauto,80,chain_ladder,-0.009704762505944707
comauto,80,mack_chain_ladder,-0.009704762505944707
comauto,80,bornhuetter_ferguson,0.08299245304460928
comauto,81,chain_ladder,-0.00793916908495795
comauto,81,mack_chain_ladder,-0.00793916908495795
comauto,81,bornhuetter_ferguson,0.07780476100993225
comauto,82,chain_ladder,-0.020782414410255842
comauto,82,mack_chain_ladder,-0.020782414410255842
comauto,82,bornhuetter_ferguson,0.051611579258201576
comauto,83,chain_ladder,-0.004764084267545724
comauto,83,mack_chain_ladder,-0.004764084267545724
comauto,83,bornhuetter_ferguson,0.1046892593036721
comauto,84,chain_ladder,-0.026969689850334874
comauto,84,mack_chain_ladder,-0.026969689850334874
comauto,84,bornhuetter_ferguson,0.03125744208669195
comauto,85,chain_ladder,-0.01458142550736491
comauto,85,mack_chain_ladder,-0.01458142550736491
comauto,85,bornhuetter_ferguson,0.05521549004000494
comauto,86,chain_ladder,-0.012744165674533731
comauto,86,mack_chain_ladder,-0.012744165674533731
comauto,86,bornhuetter_ferguson,0.057511221534024694
comauto,87,chain_ladder,-0.01604383747234907
comauto,87,mack_chain_ladder,-0.01604383747234907
comauto,87,bornhuetter_ferguson,0.06301752777992858
comauto,88,chain_ladder,-0.03571937766547244
comauto,88,mack_chain_ladder,-0.03571937766547244
comauto,88,bornhuetter_ferguson,-0.007538802404120345
comauto,89,chain_ladder,-0.012970607621310755
comauto,89,mack_chain_ladder,-0.012970607621310755
comauto,89,bornhuetter_ferguson,0.06746123256035988
comauto,90,chain_ladder,-0.019895295783901704
comauto,90,mack_chain_ladder,-0.019895295783901704
comauto,90,bornhuetter_ferguson,0.05187372211824761
comauto,91,chain_ladder,-0.01686672531348396
comauto,91,mack_chain_ladder,-0.01686672531348396
comauto,91,bornhuetter_ferguson,0.03239421955852419
comauto,92,chain_ladder,-0.03316596004070231
comauto,92,mack_chain_ladder,-0.03316596004070231
comauto,92,bornhuetter_ferguson,0.024869925692641105
comauto,93,chain_ladder,-0.02216918823350722
comauto,93,mack_chain_ladder,-0.02216918823350722
comauto,93,bornhuetter_ferguson,0.035958265430102776
comauto,94,chain_ladder,-0.03471100900427446
comauto,94,mack_chain_ladder,-0.03471100900427446
comauto,94,bornhuetter_ferguson,0.008938219015558397
comauto,95,chain_ladder,-0.008236020975450894
comauto,95,mack_chain_ladder,-0.008236020975450894
comauto,95,bornhuetter_ferguson,0.09039470577021795
comauto,96,chain_ladder,-0.016464286061185107
comauto,96,mack_chain_ladder,-0.016464286061185107
comauto,96,bornhuetter_ferguson,0.055097864535330734
comauto,97,chain_ladder,-0.03374804847718191
comauto,97,mack_chain_ladder,-0.03374804847718191
comauto,97,bornhuetter_ferguson,0.03970242103576641
comauto,98,chain_ladder,-0.020205408156051596
comauto,98,mack_chain_ladder,-0.020205408156051596
comauto,98,bornhuetter_ferguson,0.06512149394559033
comauto,99,chain_ladder,-0.009721011495553511
comauto,99,mack_chain_ladder,-0.009721011495553511
comauto,99,bornhuetter_ferguson,0.06339319889775209
medmal,0,chain_ladder,-0.22504191358950026
medmal,0,mack_chain_ladder,-0.22504191358950026
medmal,0,bornhuetter_ferguson,0.08333819914556863
medmal,1,chain_ladder,-0.1571276686398607
medmal,1,mack_chain_ladder,-0.1571276686398607
medmal,1,bornhuetter_ferguson,0.06729206409316509
medmal,2,chain_ladder,-0.3180430724178695
medmal,2,mack_chain_ladder,-0.3180430724178695
medmal,2,bornhuetter_ferguson,0.1294220133468411
medmal,3,chain_ladder,-0.11719350049418746
medmal,3,mack_chain_ladder,-0.11719350049418746
medmal,3,bornhuetter_ferguson,0.11064337640278171
medmal,4,chain_ladder,-0.2871932293147156
medmal,4,mack_chain_ladder,-0.2871932293147156
medmal,4,bornhuetter_ferguson,0.041247513801393326
medmal,5,chain_ladder,-0.28509624189220395
medmal,5,mack_chain_ladder,-0.28509624189220395
medmal,5,bornhuetter_ferguson,0.01548887015406401
medmal,6,chain_ladder,-0.3149590988636698
medmal,6,mack_chain_ladder,-0.3149590988636698
medmal,6,bornhuetter_ferguson,0.0734013501966681
medmal,7,chain_ladder,-0.45308123145998547
medmal,7,mack_chain_ladder,-0.45308123145998547
medmal,7,bornhuetter_ferguson,-0.0470678267544744
medmal,8,chain_ladder,-0.06345979149249474
medmal,8,mack_chain_ladder,-0.06345979149249474
medmal,8,bornhuetter_ferguson,-0.01922250753800243
medmal,9,chain_ladder,-0.37466280965875276
medmal,9,mack_chain_ladder,-0.37466280965875276
medmal,9,bornhuetter_ferguson,0.03927829430465602
medmal,10,chain_ladder,-0.3228664475318105
medmal,10,mack_chain_ladder,-0.3228664475318105
medmal,10,bornhuetter_ferguson,0.2008341792822328
medmal,11,chain_ladder,-0.3020563800129846
medmal,11,mack_chain_ladder,-0.3020563800129846
medmal,11,bornhuetter_ferguson,0.025910451774206634
medmal,12,chain_ladder,-0.1715813006038594
medmal,12,mack_chain_ladder,-0.1715813006038594
medmal,12,bornhuetter_ferguson,0.16417970976853563
medmal,13,chain_ladder,-0.16043235929241684
medmal,13,mack_chain_ladder,-0.16043235929241684
medmal,13,bornhuetter_ferguson,0.06986324183214432
medmal,14,chain_ladder,-0.337858689543445
medmal,14,mack_chain_ladder,-0.337858689543445
medmal,14,bornhuetter_ferguson,0.06062157340316151
medmal,15,chain_ladder,-0.21406509678674346
medmal,15,mack_chain_ladder,-0.21406509678674346
medmal,15,bornhuetter_ferguson,0.09797918544226976
medmal,16,chain_ladder,-0.16060362791761548
medmal,16,mack_chain_ladder,-0.16060362791761548
medmal,16,bornhuetter_ferguson,0.0336147652559858
medmal,17,chain_ladder,-0.10914133455830936
medmal,17,mack_chain_ladder,-0.10914133455830936
medmal,17,bornhuetter_ferguson,0.10658386168132973
medmal,18,chain_ladder,-0.27598258520238056
medmal,18,mack_chain_ladder,-0.27598258520238056
medmal,18,bornhuetter_ferguson,-0.05605824444759847
medmal,19,chain_ladder,-0.40501380070647475
medmal,19,mack_chain_ladder,-0.40501380070647475
medmal,19,bornhuetter_ferguson,-0.001620519797956757
medmal,20,chain_ladder,-0.24226362365416254
medmal,20,mack_chain_ladder,-0.24226362365416254
medmal,20,bornhuetter_ferguson,0.17177142065041212
medmal,21,chain_ladder,-0.4557062692867148
medmal,21,mack_chain_ladder,-0.4557062692867148
medmal,21,bornhuetter_ferguson,-0.023962306092188912
medmal,22,chain_ladder,-0.34804541167849784
medmal,22,mack_chain_ladder,-0.34804541167849784
medmal,22,bornhuetter_ferguson,-0.09263147673632771
medmal,23,chain_ladder,-0.27547532752867226
medmal,23,mack_chain_ladder,-0.27547532752867226
medmal,23,bornhuetter_ferguson,-0.02350615510142489
medmal,24,chain_ladder,-0.09590081639009518
medmal,24,mack_chain_ladder,-0.09590081639009518
medmal,24,bornhuetter_ferguson,-0.024793218536231273
medmal,25,chain_ladder,-0.47739655832609584
medmal,25,mack_chain_ladder,-0.47739655832609584
medmal,25,bornhuetter_ferguson,-0.09315672999707889
medmal,26,chain_ladder,-0.13588451619316952
medmal,26,mack_chain_ladder,-0.13588451619316952
medmal,26,bornhuetter_ferguson,0.06171469367927183
medmal,27,chain_ladder,-0.24971061898358207
medmal,27,mack_chain_ladder,-0.24971061898358207
medmal,27,bornhuetter_ferguson,0.10709436909349332
medmal,28,chain_ladder,-0.2775484178165069
medmal,28,mack_chain_ladder,-0.2775484178165069
medmal,28,bornhuetter_ferguson,0.04897787410768773
medmal,29,chain_ladder,-0.3484361906170061
medmal,29,mack_chain_ladder,-0.3484361906170061
medmal,29,bornhuetter_ferguson,0.2145480288170507
medmal,30,chain_ladder,-0.19703761043938836
medmal,30,mack_chain_ladder,-0.19703761043938836
medmal,30,bornhuetter_ferguson,0.09059531510897531
medmal,31,chain_ladder,-0.11157111710874741
medmal,31,mack_chain_ladder,-0.11157111710874741
medmal,31,bornhuetter_ferguson,0.05648588970248264
medmal,32,chain_ladder,-0.238017763488007
medmal,32,mack_chain_ladder,-0.238017763488007
medmal,32,bornhuetter_ferguson,0.020771288792743044
medmal,33,chain_ladder,-0.26712297898361576
medmal,33,mack_chain_ladder,-0.26712297898361576
medmal,33,bornhuetter_ferguson,0.07272955497776716
medmal,34,chain_ladder,-0.2154246542322053
medmal,34,mack_chain_ladder,-0.2154246542322053
medmal,34,bornhuetter_ferguson,0.07475036101370067
medmal,35,chain_ladder,-0.10778667806509068
medmal,35,mack_chain_ladder,-0.10778667806509068
medmal,35,bornhuetter_ferguson,-0.025929634717063454
medmal,36,chain_ladder,-0.46248769194734385
medmal,36,mack_chain_ladder,-0.46248769194734385
medmal,36,bornhuetter_ferguson,-0.08299819579535694
medmal,37,chain_ladder,-0.3295344394483682
medmal,37,mack_chain_ladder,-0.3295344394483682
medmal,37,bornhuetter_ferguson,0.08432749643298264
medmal,38,chain_ladder,-0.35916315581589103
medmal,38,mack_chain_ladder,-0.35916315581589103
medmal,38,bornhuetter_ferguson,0.19140319053385235
medmal,39,chain_ladder,-0.38516026863643954
medmal,39,mack_chain_ladder,-0.38516026863643954
medmal,39,bornhuetter_ferguson,-0.0815607100023848
medmal,40,chain_ladder,-0.3540791216052528
medmal,40,mack_chain_ladder,-0.3540791216052528
medmal,40,bornhuetter_ferguson,-0.03798238227436031
medmal,41,chain_ladder,-0.4256987826506503
medmal,41,mack_chain_ladder,-0.4256987826506503
medmal,41,bornhuetter_ferguson,-0.08910430316840752
medmal,42,chain_ladder,-0.45472624570645276
medmal,42,mack_chain_ladder,-0.45472624570645276
medmal,42,bornhuetter_ferguson,-0.03132198066566764
medmal,43,chain_ladder,-0.3380785064253642
medmal,43,mack_chain_ladder,-0.3380785064253642
medmal,43,bornhuetter_ferguson,0.19171433322794024
medmal,44,chain_ladder,-0.45610551140029065
medmal,44,mack_chain_ladder,-0.45610551140029065
medmal,44,bornhuetter_ferguson,-0.1481153912795184
medmal,45,chain_ladder,-0.12688105516862505
medmal,45,mack_chain_ladder,-0.12688105516862505
medmal,45,bornhuetter_ferguson,0.06903442380715423
medmal,46,chain_ladder,-0.30572795940323017
medmal,46,mack_chain_ladder,-0.30572795940323017
medmal,46,bornhuetter_ferguson,-0.08304553350450868
medmal,47,chain_ladder,-0.17147340574704373
medmal,47,mack_chain_ladder,-0.17147340574704373
medmal,47,bornhuetter_ferguson,0.06773729763965926
medmal,48,chain_ladder,-0.2729801077098458
medmal,48,mack_chain_ladder,-0.2729801077098458
medmal,48,bornhuetter_ferguson,0.03907810725484356
medmal,49,chain_ladder,-0.4555877903139208
medmal,49,mack_chain_ladder,-0.4555877903139208
medmal,49,bornhuetter_ferguson,-0.07514827022399148
medmal,50,chain_ladder,-0.2450607732774028
medmal,50,mack_chain_ladder,-0.2450607732774028
medmal,50,bornhuetter_ferguson,-0.018979493787371488
medmal,51,chain_ladder,-0.19914776750200344
medmal,51,mack_chain_ladder,-0.19914776750200344
medmal,51,bornhuetter_ferguson,0.09178721420819755
medmal,52,chain_ladder,-0.26101586937327076
medmal,52,mack_chain_ladder,-0.26101586937327076
medmal,52,bornhuetter_ferguson,-0.03191683557995844
medmal,53,chain_ladder,-0.27155241755118004
medmal,53,mack_chain_ladder,-0.27155241755118004
medmal,53,bornhuetter_ferguson,-0.005937141844520316
medmal,54,chain_ladder,-0.2910674840317201
medmal,54,mack_chain_ladder,-0.2910674840317201
medmal,54,bornhuetter_ferguson,0.0804984580987973
medmal,55,chain_ladder,-0.5027340848281716
medmal,55,mack_chain_ladder,-0.5027340848281716
medmal,55,bornhuetter_ferguson,-0.11797938877228016
medmal,56,chain_ladder,-0.30229565140042636
medmal,56,mack_chain_ladder,-0.30229565140042636
medmal,56,bornhuetter_ferguson,0.023967863671961544
medmal,57,chain_ladder,-0.41054815859459887
medmal,57,mack_chain_ladder,-0.41054815859459887
medmal,57,bornhuetter_ferguson,-0.050871331740191705
medmal,58,chain_ladder,-0.24175542722466203
medmal,58,mack_chain_ladder,-0.24175542722466203
medmal,58,bornhuetter_ferguson,0.04582113252550862
medmal,59,chain_ladder,-0.5052716327983491
medmal,59,mack_chain_ladder,-0.5052716327983491
medmal,59,bornhuetter_ferguson,-0.12903538132191858
medmal,60,chain_ladder,-0.4283466638579033
medmal,60,mack_chain_ladder,-0.4283466638579033
medmal,60,bornhuetter_ferguson,0.031229685768854872
medmal,61,chain_ladder,-0.30291635948828716
medmal,61,mack_chain_ladder,-0.30291635948828716
medmal,61,bornhuetter_ferguson,0.06859588231572852
medmal,62,chain_ladder,-0.23124011386218127
medmal,62,mack_chain_ladder,-0.23124011386218127
medmal,62,bornhuetter_ferguson,0.11617381667587573
medmal,63,chain_ladder,-0.36012146999528555
medmal,63,mack_chain_ladder,-0.36012146999528555
medmal,63,bornhuetter_ferguson,0.028235128247313668
medmal,64,chain_ladder,-0.43969873227261413
medmal,64,mack_chain_ladder,-0.43969873227261413
medmal,64,bornhuetter_ferguson,-0.1570969473784488
medmal,65,chain_ladder,-0.26004031855638954
medmal,65,mack_chain_ladder,-0.26004031855638954
medmal,65,bornhuetter_ferguson,0.20100850851962998
medmal,66,chain_ladder,-0.2826191687089726
medmal,66,mack_chain_ladder,-0.2826191687089726
medmal,66,bornhuetter_ferguson,-0.05913270229050198
medmal,67,chain_ladder,-0.2636114526498223
medmal,67,mack_chain_ladder,-0.2636114526498223
medmal,67,bornhuetter_ferguson,0.12713320197407424
medmal,68,chain_ladder,-0.39047365594864486
medmal,68,mack_chain_ladder,-0.39047365594864486
medmal,68,bornhuetter_ferguson,0.03160350945781321
medmal,69,chain_ladder,-0.24745893055921936
medmal,69,mack_chain_ladder,-0.24745893055921936
medmal,69,bornhuetter_ferguson,0.07775727806338209
medmal,70,chain_ladder,-0.3927760193901756
medmal,70,mack_chain_ladder,-0.3927760193901756
medmal,70,bornhuetter_ferguson,-0.04211993940523062
medmal,71,chain_ladder,-0.4207960606528752
medmal,71,mack_chain_ladder,-0.4207960606528752
medmal,71,bornhuetter_ferguson,-0.03007755125964232
medmal,72,chain_ladder,-0.5108575461697243
medmal,72,mack_chain_ladder,-0.5108575461697243
medmal,72,bornhuetter_ferguson,-0.16639957906188793
medmal,73,chain_ladder,-0.20636389843006753
medmal,73,mack_chain_ladder,-0.20636389843006753
medmal,73,bornhuetter_ferguson,0.1129773962582104
medmal,74,chain_ladder,-0.17615647858170155
medmal,74,mack_chain_ladder,-0.17615647858170155
medmal,74,bornhuetter_ferguson,0.185462770326254
medmal,75,chain_ladder,-0.5084686916311141
medmal,75,mack_chain_ladder,-0.5084686916311141
medmal,75,bornhuetter_ferguson,-0.17494300229637458
medmal,76,chain_ladder,-0.4221446085140766
medmal,76,mack_chain_ladder,-0.4221446085140766
medmal,76,bornhuetter_ferguson,-0.11828544049177667
medmal,77,chain_ladder,-0.11079871656087795
medmal,77,mack_chain_ladder,-0.11079871656087795
medmal,77,bornhuetter_ferguson,0.08604064915356967
medmal,78,chain_ladder,-0.08220594974301536
medmal,78,mack_chain_ladder,-0.08220594974301536
medmal,78,bornhuetter_ferguson,0.0920838631990999
medmal,79,chain_ladder,-0.3096212971137984
medmal,79,mack_chain_ladder,-0.3096212971137984
medmal,79,bornhuetter_ferguson,0.017353031904779097
medmal,80,chain_ladder,-0.22791719968819188
medmal,80,mack_chain_ladder,-0.22791719968819188
medmal,80,bornhuetter_ferguson,-0.013416446575014632
medmal,81,chain_ladder,-0.33454638725843977
medmal,81,mack_chain_ladder,-0.33454638725843977
medmal,81,bornhuetter_ferguson,0.11481796812080124
medmal,82,chain_ladder,-0.2341315016218391
medmal,82,mack_chain_ladder,-0.2341315016218391
medmal,82,bornhuetter_ferguson,0.011128978245770615
medmal,83,chain_ladder,-0.4655144682514539
medmal,83,mack_chain_ladder,-0.4655144682514539
medmal,83,bornhuetter_ferguson,-0.046381182935995004
medmal,84,chain_ladder,-0.4318830229487444
medmal,84,mack_chain_ladder,-0.4318830229487444
medmal,84,bornhuetter_ferguson,-0.00999340254571054
medmal,85,chain_ladder,-0.42085895490865216
medmal,85,mack_chain_ladder,-0.42085895490865216
medmal,85,bornhuetter_ferguson,0.02987731345227387
medmal,86,chain_ladder,-0.251714463689301
medmal,86,mack_chain_ladder,-0.251714463689301
medmal,86,bornhuetter_ferguson,0.03571721990291542
medmal,87,chain_ladder,-0.13589860449395585
medmal,87,mack_chain_ladder,-0.13589860449395585
medmal,87,bornhuetter_ferguson,0.1875025119466954
medmal,88,chain_ladder,-0.387493631498813
medmal,88,mack_chain_ladder,-0.387493631498813
medmal,88,bornhuetter_ferguson,0.05945713806536339
medmal,89,chain_ladder,-0.3058571775317663
medmal,89,mack_chain_ladder,-0.3058571775317663
medmal,89,bornhuetter_ferguson,-0.027379099293804714
medmal,90,chain_ladder,-0.2989015631669711
medmal,90,mack_chain_ladder,-0.2989015631669711
medmal,90,bornhuetter_ferguson,0.09872812586974622
medmal,91,chain_ladder,-0.16051570033434895
medmal,91,mack_chain_ladder,-0.16051570033434895
medmal,91,bornhuetter_ferguson,0.061216508415752484
medmal,92,chain_ladder,-0.3396486582329681
medmal,92,mack_chain_ladder,-0.3396486582329681
medmal,92,bornhuetter_ferguson,0.0649746880264347
medmal,93,chain_ladder,-0.10349495202405794
medmal,93,mack_chain_ladder,-0.10349495202405794
medmal,93,bornhuetter_ferguson,0.046632174790420575
medmal,94,chain_ladder,-0.19159837064347224
medmal,94,mack_chain_ladder,-0.19159837064347224
medmal,94,bornhuetter_ferguson,0.06288476089838611
medmal,95,chain_ladder,-0.20433381926462965
medmal,95,mack_chain_ladder,-0.20433381926462965
medmal,95,bornhuetter_ferguson,0.10181260601160466
medmal,96,chain_ladder,-0.14196416451421542
medmal,96,mack_chain_ladder,-0.14196416451421542
medmal,96,bornhuetter_ferguson,0.054369957890204566
medmal,97,chain_ladder,-0.28896608883976277
medmal,97,mack_chain_ladder,-0.28896608883976277
medmal,97,bornhuetter_ferguson,0.05740835054381907
medmal,98,chain_ladder,-0.270013348916314
medmal,98,mack_chain_ladder,-0.270013348916314
medmal,98,bornhuetter_ferguson,0.07277884710869714
medmal,99,chain_ladder,-0.06746741520050392
medmal,99,mack_chain_ladder,-0.06746741520050392
medmal,99,bornhuetter_ferguson,0.0480182516560166
othliab,0,chain_ladder,0.01583375191304691
othliab,0,mack_chain_ladder,0.01583375191304691
othliab,0,bornhuetter_ferguson,0.045741243798746604
othliab,1,chain_ladder,0.009331851562901547
othliab,1,mack_chain_ladder,0.009331851562901547
othliab,1,bornhuetter_ferguson,0.041841205087505155
othliab,2,chain_ladder,-0.026235269566798308
othliab,2,mack_chain_ladder,-0.026235269566798308
othliab,2,bornhuetter_ferguson,0.03417701170007251
othliab,3,chain_ladder,0.0192773449455372
othliab,3,mack_chain_ladder,0.0192773449455372
othliab,3,bornhuetter_ferguson,0.015176453270589352
othliab,4,chain_ladder,-0.022538174818522078
othliab,4,mack_chain_ladder,-0.022538174818522078
othliab,4,bornhuetter_ferguson,0.0821445204588708
othliab,5,chain_ladder,-0.019972884287253318
othliab,5,mack_chain_ladder,-0.019972884287253318
othliab,5,bornhuetter_ferguson,0.02415302735279952
othliab,6,chain_ladder,0.010222838150541763
othliab,6,mack_chain_ladder,0.010222838150541763
othliab,6,bornhuetter_ferguson,0.03691891860438704
othliab,7,chain_ladder,-0.026882062999150514
othliab,7,mack_chain_ladder,-0.026882062999150514
othliab,7,bornhuetter_ferguson,0.024829944690396163
othliab,8,chain_ladder,0.0023412174011850743
othliab,8,mack_chain_ladder,0.0023412174011850743
othliab,8,bornhuetter_ferguson,0.020015495237657357
othliab,9,chain_ladder,-0.016352169716177194
othliab,9,mack_chain_ladder,-0.016352169716177194
othliab,9,bornhuetter_ferguson,0.09598576826413992
othliab,10,chain_ladder,0.004037637108296875
othliab,10,mack_chain_ladder,0.004037637108296875
othliab,10,bornhuetter_ferguson,0.03582684913816907
othliab,11,chain_ladder,0.05140064743576572
othliab,11,mack_chain_ladder,0.05140064743576572
othliab,11,bornhuetter_ferguson,0.20326094539881714
othliab,12,chain_ladder,0.01964833194475954
othliab,12,mack_chain_ladder,0.01964833194475954
othliab,12,bornhuetter_ferguson,0.12719977289676318
othliab,13,chain_ladder,-0.03742745159508063
othliab,13,mack_chain_ladder,-0.03742745159508063
othliab,13,bornhuetter_ferguson,0.020328712215211334
othliab,14,chain_ladder,-0.010233651088618324
othliab,14,mack_chain_ladder,-0.010233651088618324
othliab,14,bornhuetter_ferguson,0.07054167797936267
othliab,15,chain_ladder,0.009971467358983572
othliab,15,mack_chain_ladder,0.009971467358983572
othliab,15,bornhuetter_ferguson,0.024000020872408066
othliab,16,chain_ladder,0.02073934290144305
othliab,16,mack_chain_ladder,0.02073934290144305
othliab,16,bornhuetter_ferguson,0.0790518287339685
othliab,17,chain_ladder,-0.024951663446929315
othliab,17,mack_chain_ladder,-0.024951663446929315
othliab,17,bornhuetter_ferguson,0.018721907764973525
othliab,18,chain_ladder,-0.015152009023107985
othliab,18,mack_chain_ladder,-0.015152009023107985
othliab,18,bornhuetter_ferguson,0.011952762440365475
othliab,19,chain_ladder,-0.038923615436067996
othliab,19,mack_chain_ladder,-0.038923615436067996
othliab,19,bornhuetter_ferguson,0.07644640171309693
othliab,20,chain_ladder,0.01188909378323904
othliab,20,mack_chain_ladder,0.01188909378323904
othliab,20,bornhuetter_ferguson,0.054342409187328154
othliab,21,chain_ladder,-0.07039713132256964
othliab,21,mack_chain_ladder,-0.07039713132256964
othliab,21,bornhuetter_ferguson,-0.015330636518313035
othliab,22,chain_ladder,0.00018179992139529476
othliab,22,mack_chain_ladder,0.00018179992139529476
othliab,22,bornhuetter_ferguson,0.00856367739484193
othliab,23,chain_ladder,0.020538889694330396
othliab,23,mack_chain_ladder,0.020538889694330396
othliab,23,bornhuetter_ferguson,0.01709445319518032
othliab,24,chain_ladder,0.027508506616291346
othliab,24,mack_chain_ladder,0.027508506616291346
othliab,24,bornhuetter_ferguson,0.08875796974538137
othliab,25,chain_ladder,-0.001976178823625
othliab,25,mack_chain_ladder,-0.001976178823625
othliab,25,bornhuetter_ferguson,0.01156865828190239
othliab,26,chain_ladder,-0.11094765737096488
othliab,26,mack_chain_ladder,-0.11094765737096488
othliab,26,bornhuetter_ferguson,0.009455686388087995
othliab,27,chain_ladder,0.003470571793218955
othliab,27,mack_chain_ladder,0.003470571793218955
othliab,27,bornhuetter_ferguson,0.02250558540881806
othliab,28,chain_ladder,-0.008005491022066156
othliab,28,mack_chain_ladder,-0.008005491022066156
othliab,28,bornhuetter_ferguson,0.07161975222192409
othliab,29,chain_ladder,-0.023889567540365007
othliab,29,mack_chain_ladder,-0.023889567540365007
othliab,29,bornhuetter_ferguson,0.04346184789408763
othliab,30,chain_ladder,0.005351147170462118
othliab,30,mack_chain_ladder,0.005351147170462118
othliab,30,bornhuetter_ferguson,0.05196208922799528
othliab,31,chain_ladder,0.004757737773709087
othliab,31,mack_chain_ladder,0.004757737773709087
othliab,31,bornhuetter_ferguson,0.05662909790208311
othliab,32,chain_ladder,-0.006604642403999432
othliab,32,mack_chain_ladder,-0.006604642403999432
othliab,32,bornhuetter_ferguson,0.04966495575457923
othliab,33,chain_ladder,0.056290136072730486
othliab,33,mack_chain_ladder,0.056290136072730486
othliab,33,bornhuetter_ferguson,0.0562211592231291
othliab,34,chain_ladder,0.008497852000517097
othliab,34,mack_chain_ladder,0.008497852000517097
othliab,34,bornhuetter_ferguson,0.015679227759492185
othliab,35,chain_ladder,-0.08006669577702889
othliab,35,mack_chain_ladder,-0.08006669577702889
othliab,35,bornhuetter_ferguson,-0.035929377599483316
othliab,36,chain_ladder,0.028745611133066933
othliab,36,mack_chain_ladder,0.028745611133066933
othliab,36,bornhuetter_ferguson,0.07122915653014096
othliab,37,chain_ladder,0.0331337202326342
othliab,37,mack_chain_ladder,0.0331337202326342
othliab,37,bornhuetter_ferguson,0.032519915188203734
othliab,38,chain_ladder,0.001963292644314756
othliab,38,mack_chain_ladder,0.001963292644314756
othliab,38,bornhuetter_ferguson,0.036126717694847627
othliab,39,chain_ladder,0.02590157127221634
othliab,39,mack_chain_ladder,0.02590157127221634
othliab,39,bornhuetter_ferguson,0.07506190826627111
othliab,40,chain_ladder,-0.0011755338944007601
othliab,40,mack_chain_ladder,-0.0011755338944007601
othliab,40,bornhuetter_ferguson,0.08251322511427131
othliab,41,chain_ladder,-0.02049599298399752
othliab,41,mack_chain_ladder,-0.02049599298399752
othliab,41,bornhuetter_ferguson,0.035972614511197744
othliab,42,chain_ladder,-0.0011223017239920137
othliab,42,mack_chain_ladder,-0.0011223017239920137
othliab,42,bornhuetter_ferguson,0.020837008524788578
othliab,43,chain_ladder,-0.017089597386424685
othliab,43,mack_chain_ladder,-0.017089597386424685
othliab,43,bornhuetter_ferguson,0.07405088234579034
othliab,44,chain_ladder,0.03935677428084934
othliab,44,mack_chain_ladder,0.03935677428084934
othliab,44,bornhuetter_ferguson,0.03852596730860052
othliab,45,chain_ladder,0.022755149221604702
othliab,45,mack_chain_ladder,0.022755149221604702
othliab,45,bornhuetter_ferguson,0.01894791839388262
othliab,46,chain_ladder,-0.042501457511563916
othliab,46,mack_chain_ladder,-0.042501457511563916
othliab,46,bornhuetter_ferguson,0.16062925128594155
othliab,47,chain_ladder,0.013081956435274447
othliab,47,mack_chain_ladder,0.013081956435274447
othliab,47,bornhuetter_ferguson,0.05492554639518074
othliab,48,chain_ladder,0.0031991147806515177
othliab,48,mack_chain_ladder,0.0031991147806515177
othliab,48,bornhuetter_ferguson,0.04060210736236578
othliab,49,chain_ladder,-0.046076203299701024
othliab,49,mack_chain_ladder,-0.046076203299701024
othliab,49,bornhuetter_ferguson,0.024718624320242032
othliab,50,chain_ladder,-0.035444783580976004
othliab,50,mack_chain_ladder,-0.035444783580976004
othliab,50,bornhuetter_ferguson,0.04712807870128512
othliab,51,chain_ladder,0.029543692081124853
othliab,51,mack_chain_ladder,0.029543692081124853
othliab,51,bornhuetter_ferguson,0.06633342868067717
othliab,52,chain_ladder,-0.013791376811705473
othliab,52,mack_chain_ladder,-0.013791376811705473
othliab,52,bornhuetter_ferguson,0.06832544495119384
othliab,53,chain_ladder,-0.07842913811768482
othliab,53,mack_chain_ladder,-0.07842913811768482
othliab,53,bornhuetter_ferguson,0.07627681662484512
othliab,54,chain_ladder,0.012875523981600445
othliab,54,mack_chain_ladder,0.012875523981600445
othliab,54,bornhuetter_ferguson,0.024139909907804704
othliab,55,chain_ladder,-0.0010428676035258958
othliab,55,mack_chain_ladder,-0.0010428676035258958
othliab,55,bornhuetter_ferguson,0.06178399378976743
othliab,56,chain_ladder,-0.062492281472305865
othliab,56,mack_chain_ladder,-0.062492281472305865
othliab,56,bornhuetter_ferguson,0.06167286882068078
othliab,57,chain_ladder,-0.053382849208187075
othliab,57,mack_chain_ladder,-0.053382849208187075
othliab,57,bornhuetter_ferguson,0.12159122635676782
othliab,58,chain_ladder,-0.042086175114470575
othliab,58,mack_chain_ladder,-0.042086175114470575
othliab,58,bornhuetter_ferguson,0.05104242634059975
othliab,59,chain_ladder,-0.04209509759538474
othliab,59,mack_chain_ladder,-0.04209509759538474
othliab,59,bornhuetter_ferguson,0.0870028836899647
othliab,60,chain_ladder,0.04951326545191063
othliab,60,mack_chain_ladder,0.04951326545191063
othliab,60,bornhuetter_ferguson,0.07427616137887584
othliab,61,chain_ladder,-0.0129340941781262
othliab,61,mack_chain_ladder,-0.0129340941781262
othliab,61,bornhuetter_ferguson,0.06112754447327315
othliab,62,chain_ladder,-0.014278601343776664
othliab,62,mack_chain_ladder,-0.014278601343776664
othliab,62,bornhuetter_ferguson,0.11847654730818322
othliab,63,chain_ladder,-0.005863136143787147
othliab,63,mack_chain_ladder,-0.005863136143787147
othliab,63,bornhuetter_ferguson,0.03615260117935574
othliab,64,chain_ladder,-0.001225962696996921
othliab,64,mack_chain_ladder,-0.001225962696996921
othliab,64,bornhuetter_ferguson,0.06830663178216104
othliab,65,chain_ladder,0.018873942913058474
othliab,65,mack_chain_ladder,0.018873942913058474
othliab,65,bornhuetter_ferguson,0.026563706606532376
othliab,66,chain_ladder,0.024873269778470784
othliab,66,mack_chain_ladder,0.024873269778470784
othliab,66,bornhuetter_ferguson,0.06275577597912402
othliab,67,chain_ladder,-0.01903253377598011
othliab,67,mack_chain_ladder,-0.01903253377598011
othliab,67,bornhuetter_ferguson,0.05498896034667057
othliab,68,chain_ladder,-0.056063967958563436
othliab,68,mack_chain_ladder,-0.056063967958563436
othliab,68,bornhuetter_ferguson,0.016661480546477758
othliab,69,chain_ladder,0.017995546609323527
othliab,69,mack_chain_ladder,0.017995546609323527
othliab,69,bornhuetter_ferguson,0.03702584767015678
othliab,70,chain_ladder,0.0057161528024007435
othliab,70,mack_chain_ladder,0.0057161528024007435
othliab,70,bornhuetter_ferguson,0.014849068251872105
othliab,71,chain_ladder,0.011979606417218503
othliab,71,mack_chain_ladder,0.011979606417218503
othliab,71,bornhuetter_ferguson,0.015290075343373313
othliab,72,chain_ladder,0.010147664372287363
othliab,72,mack_chain_ladder,0.010147664372287363
othliab,72,bornhuetter_ferguson,0.11870506075289827
othliab,73,chain_ladder,0.01859570214613537
othliab,73,mack_chain_ladder,0.01859570214613537
othliab,73,bornhuetter_ferguson,0.051313009151331045
othliab,74,chain_ladder,-0.0015172793661839626
othliab,74,mack_chain_ladder,-0.0015172793661839626
othliab,74,bornhuetter_ferguson,0.06453525351820193
othliab,75,chain_ladder,0.04644542325336851
othliab,75,mack_chain_ladder,0.04644542325336851
othliab,75,bornhuetter_ferguson,0.003161763646753409
othliab,76,chain_ladder,-0.002903423634290563
othliab,76,mack_chain_ladder,-0.002903423634290563
othliab,76,bornhuetter_ferguson,0.037254813989956524
othliab,77,chain_ladder,-0.006260643923584793
othliab,77,mack_chain_ladder,-0.006260643923584793
othliab,77,bornhuetter_ferguson,0.05611894327672712
othliab,78,chain_ladder,-0.04749673706317065
othliab,78,mack_chain_ladder,-0.04749673706317065
othliab,78,bornhuetter_ferguson,0.18452142743073438
othliab,79,chain_ladder,0.016499553568169227
othliab,79,mack_chain_ladder,0.016499553568169227
othliab,79,bornhuetter_ferguson,0.011151571912372715
othliab,80,chain_ladder,-0.011714721037759192
othliab,80,mack_chain_ladder,-0.011714721037759192
othliab,80,bornhuetter_ferguson,0.023161002559731702
othliab,81,chain_ladder,0.02461359090091218
othliab,81,mack_chain_ladder,0.02461359090091218
othliab,81,bornhuetter_ferguson,-0.001712077224368067
othliab,82,chain_ladder,0.02171384012483453
othliab,82,mack_chain_ladder,0.02171384012483453
othliab,82,bornhuetter_ferguson,0.05374974014577398
othliab,83,chain_ladder,0.013217298365392463
othliab,83,mack_chain_ladder,0.013217298365392463
othliab,83,bornhuetter_ferguson,0.14284783903806006
othliab,84,chain_ladder,0.031202127515864868
othliab,84,mack_chain_ladder,0.031202127515864868
othliab,84,bornhuetter_ferguson,0.08361857349768871
othliab,85,chain_ladder,-0.00796664597666622
othliab,85,mack_chain_ladder,-0.00796664597666622
othliab,85,bornhuetter_ferguson,0.026193018947864525
othliab,86,chain_ladder,0.011589809497853877
othliab,86,mack_chain_ladder,0.011589809497853877
othliab,86,bornhuetter_ferguson,0.027183867168632084
othliab,87,chain_ladder,-0.041621875718429735
othliab,87,mack_chain_ladder,-0.041621875718429735
othliab,87,bornhuetter_ferguson,0.052870982100266146
othliab,88,chain_ladder,0.0005012284074616994
othliab,88,mack_chain_ladder,0.0005012284074616994
othliab,88,bornhuetter_ferguson,0.029365187204881738
othliab,89,chain_ladder,-0.03274588299356077
othliab,89,mack_chain_ladder,-0.03274588299356077
othliab,89,bornhuetter_ferguson,0.0515624932875009
othliab,90,chain_ladder,-0.018090701467077062
othliab,90,mack_chain_ladder,-0.018090701467077062
othliab,90,bornhuetter_ferguson,0.07143076096546996
othliab,91,chain_ladder,-0.04315198658112884
othliab,91,mack_chain_ladder,-0.04315198658112884
othliab,91,bornhuetter_ferguson,0.071297137572281
othliab,92,chain_ladder,0.04596714171796426
othliab,92,mack_chain_ladder,0.04596714171796426
othliab,92,bornhuetter_ferguson,0.029534015053817062
othliab,93,chain_ladder,-0.027111494114348753
othliab,93,mack_chain_ladder,-0.027111494114348753
othliab,93,bornhuetter_ferguson,0.09004982241714997
othliab,94,chain_ladder,-0.0038281961712193524
othliab,94,mack_chain_ladder,-0.0038281961712193524
othliab,94,bornhuetter_ferguson,0.14395786856282902
othliab,95,chain_ladder,0.039207692473578325
othliab,95,mack_chain_ladder,0.039207692473578325
othliab,95,bornhuetter_ferguson,-0.03289458870392142
othliab,96,chain_ladder,-0.01733795369062346
othliab,96,mack_chain_ladder,-0.01733795369062346
othliab,96,bornhuetter_ferguson,0.02119245866872729
othliab,97,chain_ladder,0.03320817695528151
othliab,97,mack_chain_ladder,0.03320817695528151
othliab,97,bornhuetter_ferguson,0.04294958999438396
othliab,98,chain_ladder,0.001596609254411852
othliab,98,mack_chain_ladder,0.001596609254411852
othliab,98,bornhuetter_ferguson,0.1033062820939902
othliab,99,chain_ladder,-0.017023878863552132
othliab,99,mack_chain_ladder,-0.017023878863552132
othliab,99,bornhuetter_ferguson,0.06601455172023991
ppauto,0,chain_ladder,0.0003978728188278547
ppauto,0,mack_chain_ladder,0.0003978728188278547
ppauto,0,bornhuetter_ferguson,0.0007899802618898366
ppauto,1,chain_ladder,-0.001242475018795943
ppauto,1,mack_chain_ladder,-0.001242475018795943
ppauto,1,bornhuetter_ferguson,-0.0003494883166323663
ppauto,2,chain_ladder,-0.0004831340429998034
ppauto,2,mack_chain_ladder,-0.0004831340429998034
ppauto,2,bornhuetter_ferguson,0.0007226722464332659
ppauto,3,chain_ladder,-0.0005191790573139608
ppauto,3,mack_chain_ladder,-0.0005191790573139608
ppauto,3,bornhuetter_ferguson,0.0003638607346997243
ppauto,4,chain_ladder,0.009028457176165934
ppauto,4,mack_chain_ladder,0.009028457176165934
ppauto,4,bornhuetter_ferguson,0.0035418497124127825
ppauto,5,chain_ladder,0.0014763289960284583
ppauto,5,mack_chain_ladder,0.0014763289960284583
ppauto,5,bornhuetter_ferguson,0.00048314757247377646
ppauto,6,chain_ladder,-2.5937778066590605e-06
ppauto,6,mack_chain_ladder,-2.5937778066590605e-06
ppauto,6,bornhuetter_ferguson,0.0008110005270755895
ppauto,7,chain_ladder,-0.0003177682757261062
ppauto,7,mack_chain_ladder,-0.0003177682757261062
ppauto,7,bornhuetter_ferguson,0.00038317886149519996
ppauto,8,chain_ladder,0.0003274508877338492
ppauto,8,mack_chain_ladder,0.0003274508877338492
ppauto,8,bornhuetter_ferguson,0.0014334829814639303
ppauto,9,chain_ladder,-0.00025638925038562986
ppauto,9,mack_chain_ladder,-0.00025638925038562986
ppauto,9,bornhuetter_ferguson,0.0001210916032326481
ppauto,10,chain_ladder,-0.0007868143720780031
ppauto,10,mack_chain_ladder,-0.0007868143720780031
ppauto,10,bornhuetter_ferguson,-3.404833747638324e-05
ppauto,11,chain_ladder,-0.002006084364274784
ppauto,11,mack_chain_ladder,-0.002006084364274784
ppauto,11,bornhuetter_ferguson,0.0005378100333207904
ppauto,12,chain_ladder,-0.000803601345023851
ppauto,12,mack_chain_ladder,-0.000803601345023851
ppauto,12,bornhuetter_ferguson,-0.006052850376164812
ppauto,13,chain_ladder,-0.0007400014756096143
ppauto,13,mack_chain_ladder,-0.0007400014756096143
ppauto,13,bornhuetter_ferguson,0.000669789468535671
ppauto,14,chain_ladder,0.013179467783006105
ppauto,14,mack_chain_ladder,0.013179467783006105
ppauto,14,bornhuetter_ferguson,0.0025723529830798384
ppauto,15,chain_ladder,0.01017343160767349
ppauto,15,mack_chain_ladder,0.01017343160767349
ppauto,15,bornhuetter_ferguson,0.002053177009048825
ppauto,16,chain_ladder,0.00029204986960817096
ppauto,16,mack_chain_ladder,0.00029204986960817096
ppauto,16,bornhuetter_ferguson,0.0011415667959123214
ppauto,17,chain_ladder,-0.0023301848835953812
ppauto,17,mack_chain_ladder,-0.0023301848835953812
ppauto,17,bornhuetter_ferguson,-0.001280939477198293
ppauto,18,chain_ladder,-0.0022203726137526806
ppauto,18,mack_chain_ladder,-0.0022203726137526806
ppauto,18,bornhuetter_ferguson,-0.0018287592929008948
ppauto,19,chain_ladder,0.001030825892531176
ppauto,19,mack_chain_ladder,0.001030825892531176
ppauto,19,bornhuetter_ferguson,0.0005452259595724317
ppauto,20,chain_ladder,-0.0001880000707509664
ppauto,20,mack_chain_ladder,-0.0001880000707509664
ppauto,20,bornhuetter_ferguson,0.00028385763234689115
ppauto,21,chain_ladder,-0.0025378053349628536
ppauto,21,mack_chain_ladder,-0.0025378053349628536
ppauto,21,bornhuetter_ferguson,-0.0003901150014477554
ppauto,22,chain_ladder,-0.0008390984127359146
ppauto,22,mack_chain_ladder,-0.0008390984127359146
ppauto,22,bornhuetter_ferguson,4.794222256445502e-05
ppauto,23,chain_ladder,0.0014687240841069042
ppauto,23,mack_chain_ladder,0.0014687240841069042
ppauto,23,bornhuetter_ferguson,-0.0004859174564267882
ppauto,24,chain_ladder,7.982571844212158e-05
ppauto,24,mack_chain_ladder,7.982571844212158e-05
ppauto,24,bornhuetter_ferguson,0.00025444918499407254
ppauto,25,chain_ladder,-0.0007670835188930485
ppauto,25,mack_chain_ladder,-0.0007670835188930485
ppauto,25,bornhuetter_ferguson,0.0007012504395858652
ppauto,26,chain_ladder,-0.0017956830733803569
ppauto,26,mack_chain_ladder,-0.0017956830733803569
ppauto,26,bornhuetter_ferguson,-0.00022379249645468026
ppauto,27,chain_ladder,-0.0007090196508506911
ppauto,27,mack_chain_ladder,-0.0007090196508506911
ppauto,27,bornhuetter_ferguson,-0.0001380123631499634
ppauto,28,chain_ladder,0.0031373782386110234
ppauto,28,mack_chain_ladder,0.0031373782386110234
ppauto,28,bornhuetter_ferguson,0.005497853672477214
ppauto,29,chain_ladder,-0.0005068554191948913
ppauto,29,mack_chain_ladder,-0.0005068554191948913
ppauto,29,bornhuetter_ferguson,-0.0024084405833937478
ppauto,30,chain_ladder,0.010873953792708332
ppauto,30,mack_chain_ladder,0.010873953792708332
ppauto,30,bornhuetter_ferguson,0.0034509027848169185
ppauto,31,chain_ladder,-0.0025805216334604244
ppauto,31,mack_chain_ladder,-0.0025805216334604244
ppauto,31,bornhuetter_ferguson,-0.0005990021845188392
ppauto,32,chain_ladder,0.007097019130622687
ppauto,32,mack_chain_ladder,0.007097019130622687
ppauto,32,bornhuetter_ferguson,0.0015555697032559534
ppauto,33,chain_ladder,0.011967242564831069
ppauto,33,mack_chain_ladder,0.011967242564831069
ppauto,33,bornhuetter_ferguson,0.002717702965041397
ppauto,34,chain_ladder,-0.00016611744429113326
ppauto,34,mack_chain_ladder,-0.00016611744429113326
ppauto,34,bornhuetter_ferguson,0.0010391730625233177
ppauto,35,chain_ladder,-0.0016768287787304289
ppauto,35,mack_chain_ladder,-0.0016768287787304289
ppauto,35,bornhuetter_ferguson,-0.0016837259517797085
ppauto,36,chain_ladder,-0.001536396427429029
ppauto,36,mack_chain_ladder,-0.001536396427429029
ppauto,36,bornhuetter_ferguson,0.00041258366976229283
ppauto,37,chain_ladder,0.007778210833779622
ppauto,37,mack_chain_ladder,0.007778210833779622
ppauto,37,bornhuetter_ferguson,0.0028416824984262594
ppauto,38,chain_ladder,0.0060140703892045365
ppauto,38,mack_chain_ladder,0.0060140703892045365
ppauto,38,bornhuetter_ferguson,0.00022270414381028836
ppauto,39,chain_ladder,-0.00028599797494432267
ppauto,39,mack_chain_ladder,-0.00028599797494432267
ppauto,39,bornhuetter_ferguson,0.0008631359975776489
ppauto,40,chain_ladder,0.0009069933114684366
ppauto,40,mack_chain_ladder,0.0009069933114684366
ppauto,40,bornhuetter_ferguson,0.0006326440178927274
ppauto,41,chain_ladder,-0.00222545007517307
ppauto,41,mack_chain_ladder,-0.00222545007517307
ppauto,41,bornhuetter_ferguson,2.2682831411047196e-06
ppauto,42,chain_ladder,-0.00025729714605237833
ppauto,42,mack_chain_ladder,-0.00025729714605237833
ppauto,42,bornhuetter_ferguson,-0.0004215640609635343
ppauto,43,chain_ladder,-0.0016641438346256753
ppauto,43,mack_chain_ladder,-0.0016641438346256753
ppauto,43,bornhuetter_ferguson,-0.0010580894941114047
ppauto,44,chain_ladder,0.009298498766818408
ppauto,44,mack_chain_ladder,0.009298498766818408
ppauto,44,bornhuetter_ferguson,0.0020933216707955432
ppauto,45,chain_ladder,-0.001929431338529008
ppauto,45,mack_chain_ladder,-0.001929431338529008
ppauto,45,bornhuetter_ferguson,6.218579122775556e-05
ppauto,46,chain_ladder,0.011518617116424094
ppauto,46,mack_chain_ladder,0.011518617116424094
ppauto,46,bornhuetter_ferguson,0.0022105112623744053
ppauto,47,chain_ladder,-0.002339711685356348
ppauto,47,mack_chain_ladder,-0.002339711685356348
ppauto,47,bornhuetter_ferguson,-7.730633044622012e-05
ppauto,48,chain_ladder,0.001794121508486057
ppauto,48,mack_chain_ladder,0.001794121508486057
ppauto,48,bornhuetter_ferguson,0.0004973857205190987
ppauto,49,chain_ladder,-0.0016484088140373237
ppauto,49,mack_chain_ladder,-0.0016484088140373237
ppauto,49,bornhuetter_ferguson,3.201180835122482e-05
ppauto,50,chain_ladder,-0.00045447079535340933
ppauto,50,mack_chain_ladder,-0.00045447079535340933
ppauto,50,bornhuetter_ferguson,0.0005051898034880042
ppauto,51,chain_ladder,-0.0029107220708165017
ppauto,51,mack_chain_ladder,-0.0029107220708165017
ppauto,51,bornhuetter_ferguson,-0.0010972808117051935
ppauto,52,chain_ladder,0.00989872179920671
ppauto,52,mack_chain_ladder,0.00989872179920671
ppauto,52,bornhuetter_ferguson,0.00814997913240916
ppauto,53,chain_ladder,-0.001496788649321411
ppauto,53,mack_chain_ladder,-0.001496788649321411
ppauto,53,bornhuetter_ferguson,0.00020038474862725446
ppauto,54,chain_ladder,-0.001914864136935325
ppauto,54,mack_chain_ladder,-0.001914864136935325
ppauto,54,bornhuetter_ferguson,0.00014747647218317205
ppauto,55,chain_ladder,0.00017892388507488488
ppauto,55,mack_chain_ladder,0.00017892388507488488
ppauto,55,bornhuetter_ferguson,1.95304749707822e-05
ppauto,56,chain_ladder,-0.0007607366769821072
ppauto,56,mack_chain_ladder,-0.0007607366769821072
ppauto,56,bornhuetter_ferguson,-0.00035259357514763194
ppauto,57,chain_ladder,-0.00048670342622278597
ppauto,57,mack_chain_ladder,-0.00048670342622278597
ppauto,57,bornhuetter_ferguson,-0.0005064267118741673
ppauto,58,chain_ladder,0.015318227110020578
ppauto,58,mack_chain_ladder,0.015318227110020578
ppauto,58,bornhuetter_ferguson,0.007902643425920935
ppauto,59,chain_ladder,-0.0005308210825268651
ppauto,59,mack_chain_ladder,-0.0005308210825268651
ppauto,59,bornhuetter_ferguson,0.0007521512567558827
ppauto,60,chain_ladder,0.0019052715798961721
ppauto,60,mack_chain_ladder,0.0019052715798961721
ppauto,60,bornhuetter_ferguson,-0.0026207197265083635
ppauto,61,chain_ladder,0.01489327734570368
ppauto,61,mack_chain_ladder,0.01489327734570368
ppauto,61,bornhuetter_ferguson,0.006726455987634979
ppauto,62,chain_ladder,0.0015480882837279261
ppauto,62,mack_chain_ladder,0.0015480882837279261
ppauto,62,bornhuetter_ferguson,0.0006026930909449539
ppauto,63,chain_ladder,0.0004910263799549275
ppauto,63,mack_chain_ladder,0.0004910263799549275
ppauto,63,bornhuetter_ferguson,0.0011132827007715284
ppauto,64,chain_ladder,0.00624643676252729
ppauto,64,mack_chain_ladder,0.00624643676252729
ppauto,64,bornhuetter_ferguson,-0.0008760564662998427
ppauto,65,chain_ladder,-0.0023845279898716547
ppauto,65,mack_chain_ladder,-0.0023845279898716547
ppauto,65,bornhuetter_ferguson,-3.8074253816192694e-06
ppauto,66,chain_ladder,0.008767415440006615
ppauto,66,mack_chain_ladder,0.008767415440006615
ppauto,66,bornhuetter_ferguson,0.0015551633736742405
ppauto,67,chain_ladder,-0.00045644884192361126
ppauto,67,mack_chain_ladder,-0.00045644884192361126
ppauto,67,bornhuetter_ferguson,0.0007527029135786654
ppauto,68,chain_ladder,0.0017448884576768066
ppauto,68,mack_chain_ladder,0.0017448884576768066
ppauto,68,bornhuetter_ferguson,0.000281184583738073
ppauto,69,chain_ladder,0.012499606073418294
ppauto,69,mack_chain_ladder,0.012499606073418294
ppauto,69,bornhuetter_ferguson,0.005648476962179022
ppauto,70,chain_ladder,0.012434557535607313
ppauto,70,mack_chain_ladder,0.012434557535607313
ppauto,70,bornhuetter_ferguson,0.0015822838853208224
ppauto,71,chain_ladder,-0.00013490994828741756
ppauto,71,mack_chain_ladder,-0.00013490994828741756
ppauto,71,bornhuetter_ferguson,0.0003588914486238789
ppauto,72,chain_ladder,-0.001469819947807895
ppauto,72,mack_chain_ladder,-0.001469819947807895
ppauto,72,bornhuetter_ferguson,-4.246862098896586e-05
ppauto,73,chain_ladder,-0.001188837843781238
ppauto,73,mack_chain_ladder,-0.001188837843781238
ppauto,73,bornhuetter_ferguson,0.0002817715685421192
ppauto,74,chain_ladder,-0.003944203364635526
ppauto,74,mack_chain_ladder,-0.003944203364635526
ppauto,74,bornhuetter_ferguson,-0.0020799917283217183
ppauto,75,chain_ladder,-0.0012745470462921032
ppauto,75,mack_chain_ladder,-0.0012745470462921032
ppauto,75,bornhuetter_ferguson,-0.00039362140898914206
ppauto,76,chain_ladder,0.010779851451457628
ppauto,76,mack_chain_ladder,0.010779851451457628
ppauto,76,bornhuetter_ferguson,0.0022847534496328995
ppauto,77,chain_ladder,-0.00120668053877338
ppauto,77,mack_chain_ladder,-0.00120668053877338
ppauto,77,bornhuetter_ferguson,0.00048036916705719877
ppauto,78,chain_ladder,0.021940223710528995
ppauto,78,mack_chain_ladder,0.021940223710528995
ppauto,78,bornhuetter_ferguson,0.009745135721634676
ppauto,79,chain_ladder,0.003914937029907007
ppauto,79,mack_chain_ladder,0.003914937029907007
ppauto,79,bornhuetter_ferguson,0.001708006908302653
ppauto,80,chain_ladder,0.0004786498653317715
ppauto,80,mack_chain_ladder,0.0004786498653317715
ppauto,80,bornhuetter_ferguson,0.00119511652501216
ppauto,81,chain_ladder,1.7484960916795692e-05
ppauto,81,mack_chain_ladder,1.7484960916795692e-05
ppauto,81,bornhuetter_ferguson,0.00041310715579022974
ppauto,82,chain_ladder,0.013045748119682248
ppauto,82,mack_chain_ladder,0.013045748119682248
ppauto,82,bornhuetter_ferguson,0.003937270550597251
ppauto,83,chain_ladder,0.007435564622212789
ppauto,83,mack_chain_ladder,0.007435564622212789
ppauto,83,bornhuetter_ferguson,0.005316943398399122
ppauto,84,chain_ladder,-0.001053158795103314
ppauto,84,mack_chain_ladder,-0.001053158795103314
ppauto,84,bornhuetter_ferguson,0.00020357382971288173
ppauto,85,chain_ladder,-0.00032421458703396996
ppauto,85,mack_chain_ladder,-0.00032421458703396996
ppauto,85,bornhuetter_ferguson,0.001403436042434521
ppauto,86,chain_ladder,-0.003194900864853442
ppauto,86,mack_chain_ladder,-0.003194900864853442
ppauto,86,bornhuetter_ferguson,-0.0012558886908775606
ppauto,87,chain_ladder,0.010034696363545448
ppauto,87,mack_chain_ladder,0.010034696363545448
ppauto,87,bornhuetter_ferguson,0.0034738711049794153
ppauto,88,chain_ladder,0.00019617239977628797
ppauto,88,mack_chain_ladder,0.00019617239977628797
ppauto,88,bornhuetter_ferguson,0.0005051981893706923
ppauto,89,chain_ladder,-7.229924769994791e-05
ppauto,89,mack_chain_ladder,-7.229924769994791e-05
ppauto,89,bornhuetter_ferguson,0.0005369724512725375
ppauto,90,chain_ladder,4.08183783269944e-05
ppauto,90,mack_chain_ladder,4.08183783269944e-05
ppauto,90,bornhuetter_ferguson,0.0009700406783058942
ppauto,91,chain_ladder,-0.002927637348151177
ppauto,91,mack_chain_ladder,-0.002927637348151177
ppauto,91,bornhuetter_ferguson,-0.0007765386304016657
ppauto,92,chain_ladder,-0.006883937390919313
ppauto,92,mack_chain_ladder,-0.006883937390919313
ppauto,92,bornhuetter_ferguson,-0.011153980423396825
ppauto,93,chain_ladder,-0.0033951114448823993
ppauto,93,mack_chain_ladder,-0.0033951114448823993
ppauto,93,bornhuetter_ferguson,-0.0011549746586635603
ppauto,94,chain_ladder,-0.001894515576699387
ppauto,94,mack_chain_ladder,-0.001894515576699387
ppauto,94,bornhuetter_ferguson,-9.046790508199591e-05
ppauto,95,chain_ladder,0.004102071263973747
ppauto,95,mack_chain_ladder,0.004102071263973747
ppauto,95,bornhuetter_ferguson,0.002119140833814002
ppauto,96,chain_ladder,0.004154016500892289
ppauto,96,mack_chain_ladder,0.004154016500892289
ppauto,96,bornhuetter_ferguson,0.002053863645735454
ppauto,97,chain_ladder,0.011084585834136471
ppauto,97,mack_chain_ladder,0.011084585834136471
ppauto,97,bornhuetter_ferguson,0.005087460888062611
ppauto,98,chain_ladder,0.01494249909761541
ppauto,98,mack_chain_ladder,0.01494249909761541
ppauto,98,bornhuetter_ferguson,0.007627354836379719
ppauto,99,chain_ladder,0.0038603293253054527
ppauto,99,mack_chain_ladder,0.0038603293253054527
ppauto,99,bornhuetter_ferguson,0.003815177954486436
prodliab,0,chain_ladder,0.052869339227321975
prodliab,0,mack_chain_ladder,0.052869339227321975
prodliab,0,bornhuetter_ferguson,0.432543598884445
prodliab,1,chain_ladder,0.04857337297552469
prodliab,1,mack_chain_ladder,0.04857337297552469
prodliab,1,bornhuetter_ferguson,0.49405910410932824
prodliab,2,chain_ladder,0.023274870048167386
prodliab,2,mack_chain_ladder,0.023274870048167386
prodliab,2,bornhuetter_ferguson,-0.018221305447161176
prodliab,3,chain_ladder,0.01797391447041563
prodliab,3,mack_chain_ladder,0.01797391447041563
prodliab,3,bornhuetter_ferguson,-0.13902356232297539
prodliab,4,chain_ladder,0.12595718275683368
prodliab,4,mack_chain_ladder,0.12595718275683368
prodliab,4,bornhuetter_ferguson,0.2339433166741427
prodliab,5,chain_ladder,0.042793750040673824
prodliab,5,mack_chain_ladder,0.042793750040673824
prodliab,5,bornhuetter_ferguson,0.4458113817763085
prodliab,6,chain_ladder,0.05629985076080651
prodliab,6,mack_chain_ladder,0.05629985076080651
prodliab,6,bornhuetter_ferguson,0.3536920798394984
prodliab,7,chain_ladder,0.12146683281086786
prodliab,7,mack_chain_ladder,0.12146683281086786
prodliab,7,bornhuetter_ferguson,0.1828144955217022
prodliab,8,chain_ladder,0.07033470437795233
prodliab,8,mack_chain_ladder,0.07033470437795233
prodliab,8,bornhuetter_ferguson,-0.008152284748132333
prodliab,9,chain_ladder,0.06967681446240513
prodliab,9,mack_chain_ladder,0.06967681446240513
prodliab,9,bornhuetter_ferguson,0.40261629129639553
prodliab,10,chain_ladder,0.05562637634652644
prodliab,10,mack_chain_ladder,0.05562637634652644
prodliab,10,bornhuetter_ferguson,0.5039654677029959
prodliab,11,chain_ladder,0.07744721710380433
prodliab,11,mack_chain_ladder,0.07744721710380433
prodliab,11,bornhuetter_ferguson,0.15439060473762312
prodliab,12,chain_ladder,0.06182157249403799
prodliab,12,mack_chain_ladder,0.06182157249403799
prodliab,12,bornhuetter_ferguson,0.3017118368188835
prodliab,13,chain_ladder,0.06591248999887481
prodliab,13,mack_chain_ladder,0.06591248999887481
prodliab,13,bornhuetter_ferguson,0.4989894886776183
prodliab,14,chain_ladder,0.04648588138118593
prodliab,14,mack_chain_ladder,0.04648588138118593
prodliab,14,bornhuetter_ferguson,0.4288761532804377
prodliab,15,chain_ladder,0.10992411075285326
prodliab,15,mack_chain_ladder,0.10992411075285326
prodliab,15,bornhuetter_ferguson,0.44271202057673303
prodliab,16,chain_ladder,0.06885810043318882
prodliab,16,mack_chain_ladder,0.06885810043318882
prodliab,16,bornhuetter_ferguson,0.47122771223778537
prodliab,17,chain_ladder,0.04191023567389278
prodliab,17,mack_chain_ladder,0.04191023567389278
prodliab,17,bornhuetter_ferguson,-0.12756600679499214
prodliab,18,chain_ladder,0.21682655464682757
prodliab,18,mack_chain_ladder,0.21682655464682757
prodliab,18,bornhuetter_ferguson,0.13773882470294688
prodliab,19,chain_ladder,0.04838913700715717
prodliab,19,mack_chain_ladder,0.04838913700715717
prodliab,19,bornhuetter_ferguson,0.4435730547827632
prodliab,20,chain_ladder,-0.019089766018325037
prodliab,20,mack_chain_ladder,-0.019089766018325037
prodliab,20,bornhuetter_ferguson,-0.00010979258199192553
prodliab,21,chain_ladder,0.00407293857394184
prodliab,21,mack_chain_ladder,0.00407293857394184
prodliab,21,bornhuetter_ferguson,0.14559937479324048
prodliab,22,chain_ladder,0.05151361215938992
prodliab,22,mack_chain_ladder,0.05151361215938992
prodliab,22,bornhuetter_ferguson,0.26221720634218915
prodliab,23,chain_ladder,0.04734529884187831
prodliab,23,mack_chain_ladder,0.04734529884187831
prodliab,23,bornhuetter_ferguson,0.33101710005562107
prodliab,24,chain_ladder,0.06351234390705966
prodliab,24,mack_chain_ladder,0.06351234390705966
prodliab,24,bornhuetter_ferguson,0.33921356101097483
prodliab,25,chain_ladder,0.053649878974580456
prodliab,25,mack_chain_ladder,0.053649878974580456
prodliab,25,bornhuetter_ferguson,0.4044218586976182
prodliab,26,chain_ladder,0.09406638300924115
prodliab,26,mack_chain_ladder,0.09406638300924115
prodliab,26,bornhuetter_ferguson,0.032519386792681355
prodliab,27,chain_ladder,0.05970072308086228
prodliab,27,mack_chain_ladder,0.05970072308086228
prodliab,27,bornhuetter_ferguson,-0.021891139496918673
prodliab,28,chain_ladder,0.0314213991133472
prodliab,28,mack_chain_ladder,0.0314213991133472
prodliab,28,bornhuetter_ferguson,0.355160489388477
prodliab,29,chain_ladder,0.021706460378294143
prodliab,29,mack_chain_ladder,0.021706460378294143
prodliab,29,bornhuetter_ferguson,0.10320296192310756
prodliab,30,chain_ladder,0.09660497360175906
prodliab,30,mack_chain_ladder,0.09660497360175906
prodliab,30,bornhuetter_ferguson,-0.06287518447368097
prodliab,31,chain_ladder,0.04853626440813624
prodliab,31,mack_chain_ladder,0.04853626440813624
prodliab,31,bornhuetter_ferguson,0.3089966874135695
prodliab,32,chain_ladder,0.04781107835527494
prodliab,32,mack_chain_ladder,0.04781107835527494
prodliab,32,bornhuetter_ferguson,0.341948477925609
prodliab,33,chain_ladder,0.06693134381349396
prodliab,33,mack_chain_ladder,0.06693134381349396
prodliab,33,bornhuetter_ferguson,0.2746766569285753
prodliab,34,chain_ladder,0.0737176217339154
prodliab,34,mack_chain_ladder,0.0737176217339154
prodliab,34,bornhuetter_ferguson,0.4786978569519421
prodliab,35,chain_ladder,0.04112436358151078
prodliab,35,mack_chain_ladder,0.04112436358151078
prodliab,35,bornhuetter_ferguson,0.30924393059133015
prodliab,36,chain_ladder,0.2121878127152643
prodliab,36,mack_chain_ladder,0.2121878127152643
prodliab,36,bornhuetter_ferguson,0.08266389742151378
prodliab,37,chain_ladder,0.20228593887578114
prodliab,37,mack_chain_ladder,0.20228593887578114
prodliab,37,bornhuetter_ferguson,-0.29388856347326503
prodliab,38,chain_ladder,0.04760817652889112
prodliab,38,mack_chain_ladder,0.04760817652889112
prodliab,38,bornhuetter_ferguson,0.41695844673793286
prodliab,39,chain_ladder,0.06080789849080314
prodliab,39,mack_chain_ladder,0.06080789849080314
prodliab,39,bornhuetter_ferguson,0.3384219549593852
prodliab,40,chain_ladder,0.03815243475538185
prodliab,40,mack_chain_ladder,0.03815243475538185
prodliab,40,bornhuetter_ferguson,0.2578764598191294
prodliab,41,chain_ladder,0.028361165999054194
prodliab,41,mack_chain_ladder,0.028361165999054194
prodliab,41,bornhuetter_ferguson,0.0982429028540776
prodliab,42,chain_ladder,0.05690848598543674
prodliab,42,mack_chain_ladder,0.05690848598543674
prodliab,42,bornhuetter_ferguson,0.4852937612557629
prodliab,43,chain_ladder,0.05596623702908127
prodliab,43,mack_chain_ladder,0.05596623702908127
prodliab,43,bornhuetter_ferguson,0.4612957668086681
prodliab,44,chain_ladder,-0.020901924310480626
prodliab,44,mack_chain_ladder,-0.020901924310480626
prodliab,44,bornhuetter_ferguson,-0.11718985942633998
prodliab,45,chain_ladder,0.022477312643145033
prodliab,45,mack_chain_ladder,0.022477312643145033
prodliab,45,bornhuetter_ferguson,-0.08016836011958989
prodliab,46,chain_ladder,0.05729470370692818
prodliab,46,mack_chain_ladder,0.05729470370692818
prodliab,46,bornhuetter_ferguson,0.31521074336333504
prodliab,47,chain_ladder,0.2886487210468954
prodliab,47,mack_chain_ladder,0.2886487210468954
prodliab,47,bornhuetter_ferguson,0.08606625420453096
prodliab,48,chain_ladder,0.019949078153483145
prodliab,48,mack_chain_ladder,0.019949078153483145
prodliab,48,bornhuetter_ferguson,0.038513975979975135
prodliab,49,chain_ladder,0.06507513423767823
prodliab,49,mack_chain_ladder,0.06507513423767823
prodliab,49,bornhuetter_ferguson,0.44385115471378916
prodliab,50,chain_ladder,0.055639272076479285
prodliab,50,mack_chain_ladder,0.055639272076479285
prodliab,50,bornhuetter_ferguson,0.5057769100812265
prodliab,51,chain_ladder,0.03663215037578599
prodliab,51,mack_chain_ladder,0.03663215037578599
prodliab,51,bornhuetter_ferguson,0.4023424205576368
prodliab,52,chain_ladder,0.03159965583498164
prodliab,52,mack_chain_ladder,0.03159965583498164
prodliab,52,bornhuetter_ferguson,0.27994260775310126
prodliab,53,chain_ladder,0.05688104947659628
prodliab,53,mack_chain_ladder,0.05688104947659628
prodliab,53,bornhuetter_ferguson,0.4276024338406647
prodliab,54,chain_ladder,0.0693454552767107
prodliab,54,mack_chain_ladder,0.0693454552767107
prodliab,54,bornhuetter_ferguson,0.4699556849288984
prodliab,55,chain_ladder,0.07822497896876006
prodliab,55,mack_chain_ladder,0.07822497896876006
prodliab,55,bornhuetter_ferguson,0.07199216226041966
prodliab,56,chain_ladder,0.046055525530109685
prodliab,56,mack_chain_ladder,0.046055525530109685
prodliab,56,bornhuetter_ferguson,0.448865977776018
prodliab,57,chain_ladder,0.038593608678207825
prodliab,57,mack_chain_ladder,0.038593608678207825
prodliab,57,bornhuetter_ferguson,0.40902415061005337
prodliab,58,chain_ladder,0.11851730140464417
prodliab,58,mack_chain_ladder,0.11851730140464417
prodliab,58,bornhuetter_ferguson,-0.14305655168806425
prodliab,59,chain_ladder,0.11071938560010675
prodliab,59,mack_chain_ladder,0.11071938560010675
prodliab,59,bornhuetter_ferguson,0.09419330109012154
prodliab,60,chain_ladder,0.04861983611615029
prodliab,60,mack_chain_ladder,0.04861983611615029
prodliab,60,bornhuetter_ferguson,-0.17721379837967485
prodliab,61,chain_ladder,0.1427461353624423
prodliab,61,mack_chain_ladder,0.1427461353624423
prodliab,61,bornhuetter_ferguson,-0.13459600437619615
prodliab,62,chain_ladder,0.011314354400841052
prodliab,62,mack_chain_ladder,0.011314354400841052
prodliab,62,bornhuetter_ferguson,-0.038716702482113105
prodliab,63,chain_ladder,0.05204725760765413
prodliab,63,mack_chain_ladder,0.05204725760765413
prodliab,63,bornhuetter_ferguson,0.5043894087914693
prodliab,64,chain_ladder,0.048045957598627446
prodliab,64,mack_chain_ladder,0.048045957598627446
prodliab,64,bornhuetter_ferguson,0.40883132592483673
prodliab,65,chain_ladder,-0.020384956360423055
prodliab,65,mack_chain_ladder,-0.020384956360423055
prodliab,65,bornhuetter_ferguson,0.06502890433763836
prodliab,66,chain_ladder,0.03548296928376329
prodliab,66,mack_chain_ladder,0.03548296928376329
prodliab,66,bornhuetter_ferguson,0.4261436820693545
prodliab,67,chain_ladder,0.057453670062805905
prodliab,67,mack_chain_ladder,0.057453670062805905
prodliab,67,bornhuetter_ferguson,0.49779932033854385
prodliab,68,chain_ladder,0.05762834886102144
prodliab,68,mack_chain_ladder,0.05762834886102144
prodliab,68,bornhuetter_ferguson,0.4981927801105989
prodliab,69,chain_ladder,-0.011669203885519168
prodliab,69,mack_chain_ladder,-0.011669203885519168
prodliab,69,bornhuetter_ferguson,0.1283970342885009
prodliab,70,chain_ladder,0.04683590134722728
prodliab,70,mack_chain_ladder,0.04683590134722728
prodliab,70,bornhuetter_ferguson,0.5090567304971579
prodliab,71,chain_ladder,0.05510961532284138
prodliab,71,mack_chain_ladder,0.05510961532284138
prodliab,71,bornhuetter_ferguson,0.35449517032886957
prodliab,72,chain_ladder,0.05547792112687796
prodliab,72,mack_chain_ladder,0.05547792112687796
prodliab,72,bornhuetter_ferguson,0.4565934663322646
prodliab,73,chain_ladder,0.048715844376476386
prodliab,73,mack_chain_ladder,0.048715844376476386
prodliab,73,bornhuetter_ferguson,0.42665657173463856
prodliab,74,chain_ladder,0.010649602667708572
prodliab,74,mack_chain_ladder,0.010649602667708572
prodliab,74,bornhuetter_ferguson,0.02660597555920417
prodliab,75,chain_ladder,0.08329472431981705
prodliab,75,mack_chain_ladder,0.08329472431981705
prodliab,75,bornhuetter_ferguson,0.24651263316399635
prodliab,76,chain_ladder,0.06790211081337179
prodliab,76,mack_chain_ladder,0.06790211081337179
prodliab,76,bornhuetter_ferguson,0.4724994242962491
prodliab,77,chain_ladder,0.060780759679069846
prodliab,77,mack_chain_ladder,0.060780759679069846
prodliab,77,bornhuetter_ferguson,-0.18810067938775665
prodliab,78,chain_ladder,0.06246006816041735
prodliab,78,mack_chain_ladder,0.06246006816041735
prodliab,78,bornhuetter_ferguson,0.32994928658415457
prodliab,79,chain_ladder,0.05181273207552201
prodliab,79,mack_chain_ladder,0.05181273207552201
prodliab,79,bornhuetter_ferguson,0.49191943219815315
prodliab,80,chain_ladder,0.04101367783113411
prodliab,80,mack_chain_ladder,0.04101367783113411
prodliab,80,bornhuetter_ferguson,0.34883626706594506
prodliab,81,chain_ladder,0.044273863802889835
prodliab,81,mack_chain_ladder,0.044273863802889835
prodliab,81,bornhuetter_ferguson,0.239480667425267
prodliab,82,chain_ladder,0.030267418573729252
prodliab,82,mack_chain_ladder,0.030267418573729252
prodliab,82,bornhuetter_ferguson,0.32217893711743617
prodliab,83,chain_ladder,0.043831410044850416
prodliab,83,mack_chain_ladder,0.043831410044850416
prodliab,83,bornhuetter_ferguson,0.4291278928339019
prodliab,84,chain_ladder,0.06166965856955533
prodliab,84,mack_chain_ladder,0.06166965856955533
prodliab,84,bornhuetter_ferguson,0.4106935877084556
prodliab,85,chain_ladder,0.12507092300022538
prodliab,85,mack_chain_ladder,0.12507092300022538
prodliab,85,bornhuetter_ferguson,0.08625036706159082
prodliab,86,chain_ladder,0.001787823608988825
prodliab,86,mack_chain_ladder,0.001787823608988825
prodliab,86,bornhuetter_ferguson,-0.03284236572683495
prodliab,87,chain_ladder,0.046881580324679324
prodliab,87,mack_chain_ladder,0.046881580324679324
prodliab,87,bornhuetter_ferguson,0.37295288580542063
prodliab,88,chain_ladder,0.059215402008366995
prodliab,88,mack_chain_ladder,0.059215402008366995
prodliab,88,bornhuetter_ferguson,0.437227280215059
prodliab,89,chain_ladder,0.07595636715123665
prodliab,89,mack_chain_ladder,0.07595636715123665
prodliab,89,bornhuetter_ferguson,0.28371810953082005
prodliab,90,chain_ladder,0.055570674460905134
prodliab,90,mack_chain_ladder,0.055570674460905134
prodliab,90,bornhuetter_ferguson,0.2648394002012652
prodliab,91,chain_ladder,0.044256800257198116
prodliab,91,mack_chain_ladder,0.044256800257198116
prodliab,91,bornhuetter_ferguson,0.40174748856243586
prodliab,92,chain_ladder,-0.019802972687611765
prodliab,92,mack_chain_ladder,-0.019802972687611765
prodliab,92,bornhuetter_ferguson,0.005828767290051116
prodliab,93,chain_ladder,0.04504050778316362
prodliab,93,mack_chain_ladder,0.04504050778316362
prodliab,93,bornhuetter_ferguson,0.5256487937220714
prodliab,94,chain_ladder,0.06556794209275865
prodliab,94,mack_chain_ladder,0.06556794209275865
prodliab,94,bornhuetter_ferguson,0.4644615060221529
prodliab,95,chain_ladder,0.06363513734936609
prodliab,95,mack_chain_ladder,0.06363513734936609
prodliab,95,bornhuetter_ferguson,0.4523285293338375
prodliab,96,chain_ladder,0.0803320641380834
prodliab,96,mack_chain_ladder,0.0803320641380834
prodliab,96,bornhuetter_ferguson,0.42602732740019256
prodliab,97,chain_ladder,0.058675979699053214
prodliab,97,mack_chain_ladder,0.058675979699053214
prodliab,97,bornhuetter_ferguson,0.34022629981245267
prodliab,98,chain_ladder,0.04438978693251391
prodliab,98,mack_chain_ladder,0.04438978693251391
prodliab,98,bornhuetter_ferguson,0.4529290826658803
prodliab,99,chain_ladder,0.10054189091734073
prodliab,99,mack_chain_ladder,0.10054189091734073
prodliab,99,bornhuetter_ferguson,0.18241755006522417
wkcomp,0,chain_ladder,0.0018121604760579985
wkcomp,0,mack_chain_ladder,0.0018121604760579985
wkcomp,0,bornhuetter_ferguson,0.05855013614464126
wkcomp,1,chain_ladder,-0.008633707259021513
wkcomp,1,mack_chain_ladder,-0.008633707259021513
wkcomp,1,bornhuetter_ferguson,0.0769093531108031
wkcomp,2,chain_ladder,0.010741431123922687
wkcomp,2,mack_chain_ladder,0.010741431123922687
wkcomp,2,bornhuetter_ferguson,0.09149344054067225
wkcomp,3,chain_ladder,-0.007645221906643225
wkcomp,3,mack_chain_ladder,-0.007645221906643225
wkcomp,3,bornhuetter_ferguson,0.06305712628666602
wkcomp,4,chain_ladder,-0.02400144559370792
wkcomp,4,mack_chain_ladder,-0.02400144559370792
wkcomp,4,bornhuetter_ferguson,0.024442454376925465
wkcomp,5,chain_ladder,-0.011157033704061037
wkcomp,5,mack_chain_ladder,-0.011157033704061037
wkcomp,5,bornhuetter_ferguson,0.03907288386247564
wkcomp,6,chain_ladder,-9.596607158577574e-05
wkcomp,6,mack_chain_ladder,-9.596607158577574e-05
wkcomp,6,bornhuetter_ferguson,0.0634336873894814
wkcomp,7,chain_ladder,-0.001146528629067764
wkcomp,7,mack_chain_ladder,-0.001146528629067764
wkcomp,7,bornhuetter_ferguson,0.030184793693226478
wkcomp,8,chain_ladder,-0.017509050451458483
wkcomp,8,mack_chain_ladder,-0.017509050451458483
wkcomp,8,bornhuetter_ferguson,0.037183224055639556
wkcomp,9,chain_ladder,0.008417759540845962
wkcomp,9,mack_chain_ladder,0.008417759540845962
wkcomp,9,bornhuetter_ferguson,0.07736187866462407
wkcomp,10,chain_ladder,0.00820594874560183
wkcomp,10,mack_chain_ladder,0.00820594874560183
wkcomp,10,bornhuetter_ferguson,0.05327533688435749
wkcomp,11,chain_ladder,-0.003647805838135757
wkcomp,11,mack_chain_ladder,-0.003647805838135757
wkcomp,11,bornhuetter_ferguson,0.07585101492226323
wkcomp,12,chain_ladder,0.008258913013050439
wkcomp,12,mack_chain_ladder,0.008258913013050439
wkcomp,12,bornhuetter_ferguson,0.061375523681024835
wkcomp,13,chain_ladder,-0.004458995123311783
wkcomp,13,mack_chain_ladder,-0.004458995123311783
wkcomp,13,bornhuetter_ferguson,0.04677937189250344
wkcomp,14,chain_ladder,-0.008455369460985032
wkcomp,14,mack_chain_ladder,-0.008455369460985032
wkcomp,14,bornhuetter_ferguson,0.03374163439396048
wkcomp,15,chain_ladder,0.004325887829640332
wkcomp,15,mack_chain_ladder,0.004325887829640332
wkcomp,15,bornhuetter_ferguson,0.06580409773149117
wkcomp,16,chain_ladder,-0.0004602904435492833
wkcomp,16,mack_chain_ladder,-0.0004602904435492833
wkcomp,16,bornhuetter_ferguson,0.05674517262404727
wkcomp,17,chain_ladder,0.013015683523724045
wkcomp,17,mack_chain_ladder,0.013015683523724045
wkcomp,17,bornhuetter_ferguson,0.058920404235575936
wkcomp,18,chain_ladder,-0.001667985558239953
wkcomp,18,mack_chain_ladder,-0.001667985558239953
wkcomp,18,bornhuetter_ferguson,0.08090326874393246
wkcomp,19,chain_ladder,-0.014315439225483206
wkcomp,19,mack_chain_ladder,-0.014315439225483206
wkcomp,19,bornhuetter_ferguson,0.051377297009121546
wkcomp,20,chain_ladder,-0.0013329400081619211
wkcomp,20,mack_chain_ladder,-0.0013329400081619211
wkcomp,20,bornhuetter_ferguson,0.04182197456672575
wkcomp,21,chain_ladder,-0.008781754584055347
wkcomp,21,mack_chain_ladder,-0.008781754584055347
wkcomp,21,bornhuetter_ferguson,0.026793396333206886
wkcomp,22,chain_ladder,0.00218697842449492
wkcomp,22,mack_chain_ladder,0.00218697842449492
wkcomp,22,bornhuetter_ferguson,0.07780480181746152
wkcomp,23,chain_ladder,-0.0025767434990985848
wkcomp,23,mack_chain_ladder,-0.0025767434990985848
wkcomp,23,bornhuetter_ferguson,0.060361098752653226
wkcomp,24,chain_ladder,-0.017808294212477246
wkcomp,24,mack_chain_ladder,-0.017808294212477246
wkcomp,24,bornhuetter_ferguson,0.039966440290873685
wkcomp,25,chain_ladder,-0.019861006329911966
wkcomp,25,mack_chain_ladder,-0.019861006329911966
wkcomp,25,bornhuetter_ferguson,0.05137554891012992
wkcomp,26,chain_ladder,-0.009257939580785612
wkcomp,26,mack_chain_ladder,-0.009257939580785612
wkcomp,26,bornhuetter_ferguson,0.033593253889807204
wkcomp,27,chain_ladder,-0.010072081971561645
wkcomp,27,mack_chain_ladder,-0.010072081971561645
wkcomp,27,bornhuetter_ferguson,0.04425100721283155
wkcomp,28,chain_ladder,-0.006717257627601061
wkcomp,28,mack_chain_ladder,-0.006717257627601061
wkcomp,28,bornhuetter_ferguson,0.036888378019716846
wkcomp,29,chain_ladder,0.014401780596042307
wkcomp,29,mack_chain_ladder,0.014401780596042307
wkcomp,29,bornhuetter_ferguson,0.0859750851431869
wkcomp,30,chain_ladder,-0.020148816418359507
wkcomp,30,mack_chain_ladder,-0.020148816418359507
wkcomp,30,bornhuetter_ferguson,0.03450776469535203
wkcomp,31,chain_ladder,-0.02413210902394513
wkcomp,31,mack_chain_ladder,-0.02413210902394513
wkcomp,31,bornhuetter_ferguson,0.017437370291365523
wkcomp,32,chain_ladder,-0.03072322375892028
wkcomp,32,mack_chain_ladder,-0.03072322375892028
wkcomp,32,bornhuetter_ferguson,0.03834978960881541
wkcomp,33,chain_ladder,0.014055708008461239
wkcomp,33,mack_chain_ladder,0.014055708008461239
wkcomp,33,bornhuetter_ferguson,0.06534539394241053
wkcomp,34,chain_ladder,-0.008564941115620898
wkcomp,34,mack_chain_ladder,-0.008564941115620898
wkcomp,34,bornhuetter_ferguson,0.03781443392923333
wkcomp,35,chain_ladder,0.01251047025916217
wkcomp,35,mack_chain_ladder,0.01251047025916217
wkcomp,35,bornhuetter_ferguson,0.07472163504644722
wkcomp,36,chain_ladder,0.003247734969299251
wkcomp,36,mack_chain_ladder,0.003247734969299251
wkcomp,36,bornhuetter_ferguson,0.08175586503812675
wkcomp,37,chain_ladder,0.00046349964880787204
wkcomp,37,mack_chain_ladder,0.00046349964880787204
wkcomp,37,bornhuetter_ferguson,0.05636310093436142
wkcomp,38,chain_ladder,-0.0014353380094952086
wkcomp,38,mack_chain_ladder,-0.0014353380094952086
wkcomp,38,bornhuetter_ferguson,0.06332340667015453
wkcomp,39,chain_ladder,-0.01829446086836035
wkcomp,39,mack_chain_ladder,-0.01829446086836035
wkcomp,39,bornhuetter_ferguson,0.0543387136951584
wkcomp,40,chain_ladder,-0.006807933655706755
wkcomp,40,mack_chain_ladder,-0.006807933655706755
wkcomp,40,bornhuetter_ferguson,0.03830561975315994
wkcomp,41,chain_ladder,-0.014547905618348345
wkcomp,41,mack_chain_ladder,-0.014547905618348345
wkcomp,41,bornhuetter_ferguson,0.05987635748998587
wkcomp,42,chain_ladder,-0.012367249078148818
wkcomp,42,mack_chain_ladder,-0.012367249078148818
wkcomp,42,bornhuetter_ferguson,0.044998150235999686
wkcomp,43,chain_ladder,-0.00920781062223668
wkcomp,43,mack_chain_ladder,-0.00920781062223668
wkcomp,43,bornhuetter_ferguson,0.03981475458338997
wkcomp,44,chain_ladder,-0.0026723702124639283
wkcomp,44,mack_chain_ladder,-0.0026723702124639283
wkcomp,44,bornhuetter_ferguson,0.049338541547018624
wkcomp,45,chain_ladder,-0.010676280303598186
wkcomp,45,mack_chain_ladder,-0.010676280303598186
wkcomp,45,bornhuetter_ferguson,0.017411920998542187
wkcomp,46,chain_ladder,0.0003124304173636759
wkcomp,46,mack_chain_ladder,0.0003124304173636759
wkcomp,46,bornhuetter_ferguson,0.058342014574628724
wkcomp,47,chain_ladder,0.0122657599563686
wkcomp,47,mack_chain_ladder,0.0122657599563686
wkcomp,47,bornhuetter_ferguson,0.06164347176390454
wkcomp,48,chain_ladder,0.0048118630024059795
wkcomp,48,mack_chain_ladder,0.0048118630024059795
wkcomp,48,bornhuetter_ferguson,0.05129432691494001
wkcomp,49,chain_ladder,-0.004656772633713466
wkcomp,49,mack_chain_ladder,-0.004656772633713466
wkcomp,49,bornhuetter_ferguson,0.05570983142862513
wkcomp,50,chain_ladder,-0.003930903274708276
wkcomp,50,mack_chain_ladder,-0.003930903274708276
wkcomp,50,bornhuetter_ferguson,0.03265444836470516
wkcomp,51,chain_ladder,-0.004471440456823821
wkcomp,51,mack_chain_ladder,-0.004471440456823821
wkcomp,51,bornhuetter_ferguson,0.04961729516692684
wkcomp,52,chain_ladder,0.0016226276853003108
wkcomp,52,mack_chain_ladder,0.0016226276853003108
wkcomp,52,bornhuetter_ferguson,0.04784007783657758
wkcomp,53,chain_ladder,0.01627623383357717
wkcomp,53,mack_chain_ladder,0.01627623383357717
wkcomp,53,bornhuetter_ferguson,0.07618281687242255
wkcomp,54,chain_ladder,0.003966144827884376
wkcomp,54,mack_chain_ladder,0.003966144827884376
wkcomp,54,bornhuetter_ferguson,0.05755182641508036
wkcomp,55,chain_ladder,-0.00244437262877136
wkcomp,55,mack_chain_ladder,-0.00244437262877136
wkcomp,55,bornhuetter_ferguson,0.024889916794286714
wkcomp,56,chain_ladder,-0.025838479542375167
wkcomp,56,mack_chain_ladder,-0.025838479542375167
wkcomp,56,bornhuetter_ferguson,0.04158677615991159
wkcomp,57,chain_ladder,0.0006415945302296091
wkcomp,57,mack_chain_ladder,0.0006415945302296091
wkcomp,57,bornhuetter_ferguson,0.06120808958535217
wkcomp,58,chain_ladder,-0.006722536984293513
wkcomp,58,mack_chain_ladder,-0.006722536984293513
wkcomp,58,bornhuetter_ferguson,0.038837796503618426
wkcomp,59,chain_ladder,0.0031689828088161207
wkcomp,59,mack_chain_ladder,0.0031689828088161207
wkcomp,59,bornhuetter_ferguson,0.046982744108977535
wkcomp,60,chain_ladder,-0.015048257363363538
wkcomp,60,mack_chain_ladder,-0.015048257363363538
wkcomp,60,bornhuetter_ferguson,0.03393140789175309
wkcomp,61,chain_ladder,0.004591579050121542
wkcomp,61,mack_chain_ladder,0.004591579050121542
wkcomp,61,bornhuetter_ferguson,0.0710238966544709
wkcomp,62,chain_ladder,-0.016120621903903332
wkcomp,62,mack_chain_ladder,-0.016120621903903332
wkcomp,62,bornhuetter_ferguson,0.02741097559533459
wkcomp,63,chain_ladder,0.017131194367194794
wkcomp,63,mack_chain_ladder,0.017131194367194794
wkcomp,63,bornhuetter_ferguson,0.05829628076803496
wkcomp,64,chain_ladder,0.005772285024676173
wkcomp,64,mack_chain_ladder,0.005772285024676173
wkcomp,64,bornhuetter_ferguson,0.08017412361526362
wkcomp,65,chain_ladder,0.026831930847477
wkcomp,65,mack_chain_ladder,0.026831930847477
wkcomp,65,bornhuetter_ferguson,0.06636418214874346
wkcomp,66,chain_ladder,-0.02455842692305717
wkcomp,66,mack_chain_ladder,-0.02455842692305717
wkcomp,66,bornhuetter_ferguson,0.018939773759748115
wkcomp,67,chain_ladder,-0.01781131190513706
wkcomp,67,mack_chain_ladder,-0.01781131190513706
wkcomp,67,bornhuetter_ferguson,0.03272518143924616
wkcomp,68,chain_ladder,-0.00745536377859866
wkcomp,68,mack_chain_ladder,-0.00745536377859866
wkcomp,68,bornhuetter_ferguson,0.044399211759637215
wkcomp,69,chain_ladder,-0.01114700139913784
wkcomp,69,mack_chain_ladder,-0.01114700139913784
wkcomp,69,bornhuetter_ferguson,0.026828369065957033
wkcomp,70,chain_ladder,-0.0009983162262004936
wkcomp,70,mack_chain_ladder,-0.0009983162262004936
wkcomp,70,bornhuetter_ferguson,0.043001994328827245
wkcomp,71,chain_ladder,-0.009374706704253052
wkcomp,71,mack_chain_ladder,-0.009374706704253052
wkcomp,71,bornhuetter_ferguson,0.030912199000409684
wkcomp,72,chain_ladder,-0.0038572413984441804
wkcomp,72,mack_chain_ladder,-0.0038572413984441804
wkcomp,72,bornhuetter_ferguson,0.04092499507393553
wkcomp,73,chain_ladder,0.0018430015008363643
wkcomp,73,mack_chain_ladder,0.0018430015008363643
wkcomp,73,bornhuetter_ferguson,0.0615074271920291
wkcomp,74,chain_ladder,0.0025244542509461096
wkcomp,74,mack_chain_ladder,0.0025244542509461096
wkcomp,74,bornhuetter_ferguson,0.04553136677097559
wkcomp,75,chain_ladder,-0.008520195574157991
wkcomp,75,mack_chain_ladder,-0.008520195574157991
wkcomp,75,bornhuetter_ferguson,0.0477810527020392
wkcomp,76,chain_ladder,0.00012505250673681403
wkcomp,76,mack_chain_ladder,0.00012505250673681403
wkcomp,76,bornhuetter_ferguson,0.09152410908017343
wkcomp,77,chain_ladder,-0.026674588271645306
wkcomp,77,mack_chain_ladder,-0.026674588271645306
wkcomp,77,bornhuetter_ferguson,0.043545199243688985
wkcomp,78,chain_ladder,0.004990168944411466
wkcomp,78,mack_chain_ladder,0.004990168944411466
wkcomp,78,bornhuetter_ferguson,0.08166754209730848
wkcomp,79,chain_ladder,-0.017357591294235947
wkcomp,79,mack_chain_ladder,-0.017357591294235947
wkcomp,79,bornhuetter_ferguson,0.02734110069926071
wkcomp,80,chain_ladder,-0.008467862828475965
wkcomp,80,mack_chain_ladder,-0.008467862828475965
wkcomp,80,bornhuetter_ferguson,0.03547425657556355
wkcomp,81,chain_ladder,-0.005406297838242625
wkcomp,81,mack_chain_ladder,-0.005406297838242625
wkcomp,81,bornhuetter_ferguson,0.041988073652773114
wkcomp,82,chain_ladder,0.009397138163242518
wkcomp,82,mack_chain_ladder,0.009397138163242518
wkcomp,82,bornhuetter_ferguson,0.07074188711588818
wkcomp,83,chain_ladder,-0.008579222387015731
wkcomp,83,mack_chain_ladder,-0.008579222387015731
wkcomp,83,bornhuetter_ferguson,0.03264830554417534
wkcomp,84,chain_ladder,-0.008861454907116175
wkcomp,84,mack_chain_ladder,-0.008861454907116175
wkcomp,84,bornhuetter_ferguson,0.04192983185873146
wkcomp,85,chain_ladder,-0.025381629581765736
wkcomp,85,mack_chain_ladder,-0.025381629581765736
wkcomp,85,bornhuetter_ferguson,0.021121623666369382
wkcomp,86,chain_ladder,-0.021070280048777996
wkcomp,86,mack_chain_ladder,-0.021070280048777996
wkcomp,86,bornhuetter_ferguson,0.02629672354310175
wkcomp,87,chain_ladder,-0.0014846577684690734
wkcomp,87,mack_chain_ladder,-0.0014846577684690734
wkcomp,87,bornhuetter_ferguson,0.018458411092033757
wkcomp,88,chain_ladder,-0.0056520623152118265
wkcomp,88,mack_chain_ladder,-0.0056520623152118265
wkcomp,88,bornhuetter_ferguson,0.05209416601726488
wkcomp,89,chain_ladder,0.005909089398191391
wkcomp,89,mack_chain_ladder,0.005909089398191391
wkcomp,89,bornhuetter_ferguson,0.08255577636464176
wkcomp,90,chain_ladder,-0.0032888147271789036
wkcomp,90,mack_chain_ladder,-0.0032888147271789036
wkcomp,90,bornhuetter_ferguson,0.0623801533650162
wkcomp,91,chain_ladder,-0.0134845189377126
wkcomp,91,mack_chain_ladder,-0.0134845189377126
wkcomp,91,bornhuetter_ferguson,0.03712742618118477
wkcomp,92,chain_ladder,-0.017713260661250934
wkcomp,92,mack_chain_ladder,-0.017713260661250934
wkcomp,92,bornhuetter_ferguson,0.04072895670111443
wkcomp,93,chain_ladder,0.005742307759465934
wkcomp,93,mack_chain_ladder,0.005742307759465934
wkcomp,93,bornhuetter_ferguson,0.05263326445371653
wkcomp,94,chain_ladder,0.015895533366698494
wkcomp,94,mack_chain_ladder,0.015895533366698494
wkcomp,94,bornhuetter_ferguson,0.082628468820636
wkcomp,95,chain_ladder,0.004562399149216133
wkcomp,95,mack_chain_ladder,0.004562399149216133
wkcomp,95,bornhuetter_ferguson,0.05236637289475074
wkcomp,96,chain_ladder,0.0039276973103781945
wkcomp,96,mack_chain_ladder,0.0039276973103781945
wkcomp,96,bornhuetter_ferguson,0.05080671848208567
wkcomp,97,chain_ladder,-0.010730407622247936
wkcomp,97,mack_chain_ladder,-0.010730407622247936
wkcomp,97,bornhuetter_ferguson,0.039040895031752315
wkcomp,98,chain_ladder,-0.0017131494665836378
wkcomp,98,mack_chain_ladder,-0.0017131494665836378
wkcomp,98,bornhuetter_ferguson,0.05234606517443072
wkcomp,99,chain_ladder,-0.007915670029599106
wkcomp,99,mack_chain_ladder,-0.007915670029599106
wkcomp,99,bornhuetter_ferguson,0.027704316849025707
