scenario,topology,fault_runs,detection_rate,silent_failure_rate,unresolved_failure_rate,median_absolute_paired_error,p95_absolute_paired_error
validator_baseline,T2_VALIDATOR,120,0.9666666666666667,0.025,0.008333333333333333,0.0,0.0
without_schema_lineage,T2_VALIDATOR,120,0.9666666666666667,0.025,0.008333333333333333,0.0,0.0
without_prompt_sanitizer,T2_VALIDATOR,120,0.9666666666666667,0.025,0.008333333333333333,0.0,0.0
without_stage_validator,T2_VALIDATOR,120,0.35,0.5666666666666667,0.3416666666666667,0.0,5.428468652073322
without_replay_recovery,T2_VALIDATOR,120,0.9666666666666667,0.025,0.4,0.0016639539968450181,146.93709508207854
supervisor_baseline,T3_SUPERVISOR,120,0.9583333333333334,0.041666666666666664,0.016666666666666666,0.0,0.0
without_supervisor_review,T3_SUPERVISOR,120,0.3333333333333333,0.5916666666666667,0.35833333333333334,0.0,5.428468652073322
human3_baseline,T5_HUMAN_K3,120,0.8166666666666667,0.16666666666666666,0.05,0.0,0.006806245219611994
without_human_checkpoints,T5_HUMAN_K3,120,0.06666666666666667,0.8416666666666667,0.5833333333333334,0.10846345903490134,5.590441435303328
