source_kind,local_path,source_url,revision,sha256,bytes,file_count,license_files,declared_license,status,note
git,data/raw/github/01_reserving/cran_actuar,https://github.com/cran/actuar.git,772559751b3f20003ca78f791bd723b723f01015,,2355895,278,,GPL (>= 2),verified,Shallow provenance clone; commit identifies exact snapshot.
git,data/raw/github/01_reserving/cran_ChainLadder,https://github.com/cran/ChainLadder.git,8e3109a76e823f1e54b4f257d739ed105e18651a,,3087866,163,,GPL (>= 2),verified,Shallow provenance clone; commit identifies exact snapshot.
git,data/raw/github/01_reserving/cran_insuranceData,https://github.com/cran/insuranceData.git,5351f3c8e6fff843c7993b1c1d2669f6c1a58123,,609986,23,,GPL-2,verified,Shallow provenance clone; commit identifies exact snapshot.
git,data/raw/github/01_reserving/cran_raw,https://github.com/cran/raw.git,51b5f6621458f2508c14dc8d729945e2e9773efa,,751709,51,LICENSE,MPL-2.0 | file LICENSE,verified,Shallow provenance clone; commit identifies exact snapshot.
git,data/raw/github/01_reserving/cran_SPLICE,https://github.com/cran/SPLICE.git,7b14a70e5136a25f5717e393a1441383c680aa79,,2945174,37,,GPL-3,verified,Shallow provenance clone; commit identifies exact snapshot.
git,data/raw/github/01_reserving/cran_SynthETIC,https://github.com/cran/SynthETIC.git,76e6d3e7c73254a4bf420c1856c0fb0fe7aa9e71,,5370848,82,,GPL-3,verified,Shallow provenance clone; commit identifies exact snapshot.
git,data/raw/github/01_reserving/kasaai_simulationmachine,https://github.com/kasaai/simulationmachine.git,0faf07e44fa41621f93b39cdf62039a330e91b21,,400404,421,LICENSE.md,Apache License (>= 2.0),verified,Shallow provenance clone; commit identifies exact snapshot.
git,data/raw/github/01_reserving/kevinykuo_deeptriangle,https://github.com/kevinykuo/deeptriangle.git,8ebf50be4a79c2f2453fad11024288a46d8b331f,,716198,51,LICENSE.md,Apache License (>= 2.0),verified,Shallow provenance clone; commit identifies exact snapshot.
git,data/raw/github/01_reserving/problemofpoints_reservetestr,https://github.com/problemofpoints/reservetestr.git,fbe38e1988134d82a15750de4ab97d2a60510881,,6978889,66,LICENSE;LICENSE.md,MIT + file LICENSE,verified,Shallow provenance clone; commit identifies exact snapshot.
git,data/raw/github/02_motor_pricing/ActuarialDataScience,https://github.com/JSchelldorfer/ActuarialDataScience.git,4075cef316b01645fd6b5d15e4558accbd380bf2,,546445834,336,,not declared at repository root,verified,Shallow provenance clone; commit identifies exact snapshot.
git,data/raw/github/02_motor_pricing/CASdatasets,https://github.com/dutangc/CASdatasets.git,227fb56b8734bdb7c0327a41180e01d2ddaeaf26,,290931169,591,,GPL (>= 2),verified,Shallow provenance clone; commit identifies exact snapshot.
git,data/raw/github/03_oprisk/cran_copula,https://github.com/cran/copula.git,d0ddd79049170bad2dfd243f86bb483e91c3108f,,7604770,416,LICENCE,GPL (>= 3) | file LICENCE,verified,Shallow provenance clone; commit identifies exact snapshot.
git,data/raw/github/03_oprisk/cran_evd,https://github.com/cran/evd.git,d42be7d4de5bc5e0a0ee126bf4d31fce3b30de2c,,1716289,104,,GPL-3,verified,Shallow provenance clone; commit identifies exact snapshot.
git,data/raw/github/03_oprisk/cran_evir,https://github.com/cran/evir.git,74d68b6c8a53f1d9e35a08277a20d2beb781534b,,385292,59,,GPL (>= 2),verified,Shallow provenance clone; commit identifies exact snapshot.
git,data/raw/github/03_oprisk/cran_ggsolvencyii,https://github.com/cran/ggsolvencyii.git,db6c908d13b28fd0901dcd2a0fbc403c84329985,,1013603,135,,GPL-3,verified,Shallow provenance clone; commit identifies exact snapshot.
git,data/raw/github/03_oprisk/cran_OpVaR,https://github.com/cran/OpVaR.git,14b18409a3832e21e870fac45c3e1ba8ff916558,,270500,70,,GPL-3,verified,Shallow provenance clone; commit identifies exact snapshot.
git,data/raw/github/03_oprisk/cran_ReIns,https://github.com/cran/ReIns.git,e5f5e92e4c18d60fbb7c5cde25caf65908556852,,1297167,170,,GPL (>= 2),verified,Shallow provenance clone; commit identifies exact snapshot.
git,data/raw/github/03_oprisk/cran_rugarch,https://github.com/cran/rugarch.git,11a856bb8d795e1b7b3db226c4df26fdd4ab0a44,,4521189,176,,GPL-3,verified,Shallow provenance clone; commit identifies exact snapshot.
git,data/raw/github/03_oprisk/dataseer-carl_oprisk-report,https://github.com/dataseer-carl/oprisk-report.git,3406b3327e69103bf092c842f7d298b701181be1,,2960751,49,,not declared at repository root,verified,Shallow provenance clone; commit identifies exact snapshot.
git,data/raw/github/04_ai_incidents/atlas-data,https://github.com/mitre-atlas/atlas-data.git,41d4f5ca4112f0e492ffaa3ebff07dc80a75afa5,,20744348,125,LICENSE,Apache-2.0,verified,Shallow provenance clone; commit identifies exact snapshot.
git,data/raw/github/04_ai_incidents/avid-db,https://github.com/avidml/avid-db.git,8eda5f4e6f74a3738eb980b795c4f813c6e52ca8,,16052872,1844,LICENSE,MIT,verified,Shallow provenance clone; commit identifies exact snapshot.
git,data/raw/github/04_ai_incidents/mit_airisk_converter,https://github.com/xaitax/MIT-AI-Risk-Repository-Converter.git,d04736a0005627bfe4f6a9a107a3c30d89a63dcd,,6199225,6,,not declared at repository root,verified,Shallow provenance clone; commit identifies exact snapshot.
git,data/raw/github/04_ai_incidents/VCDB,https://github.com/vz-risk/VCDB.git,230cf22b56a481dd1a994b21e4d94c59e2bccea9,,79438759,10648,LICENSE.txt,CC-BY-SA,verified,Shallow provenance clone; commit identifies exact snapshot.
git,data/raw/github/05_agentic_failures/AgentBench,https://github.com/THUDM/AgentBench.git,d1e4a10db08c87075c78972e48ecc182be03e2d5,,45651800,240,LICENSE,Apache-2.0,verified,Shallow provenance clone; commit identifies exact snapshot.
git,data/raw/github/05_agentic_failures/ASB,https://github.com/agiresearch/ASB.git,1f561dccf92d55302368fa67679b4ba9d9c8fdc4,,68487808,218,LICENSE,MIT,verified,Shallow provenance clone; commit identifies exact snapshot.
git,data/raw/github/05_agentic_failures/MAST,https://github.com/multi-agent-systems-failure-taxonomy/MAST.git,a70542e541b2104ef8fcd785778179e173fb8d70,,1357636317,13373,,not declared at repository root,verified,Shallow provenance clone; commit identifies exact snapshot.
git,data/raw/github/05_agentic_failures/tau-bench,https://github.com/sierra-research/tau-bench.git,59a200c6d575d595120f1cb70fea53cef0632f6b,,62665799,113,LICENSE,MIT,verified,Shallow provenance clone; commit identifies exact snapshot.
git,data/raw/github/05_agentic_failures/tau2-bench,https://github.com/sierra-research/tau2-bench.git,a2c024725189473d2d7cea3a5cfdbcc67478e41f,,831751113,1564,LICENSE,MIT,verified,Shallow provenance clone; commit identifies exact snapshot.
git,data/raw/github/05_agentic_failures/ToolEmu,https://github.com/ryoungj/ToolEmu.git,ac4a7ab7ed8c7985d96231e214bd6b54304b7ddb,,4924848,100,LICENSE,Apache-2.0,verified,Shallow provenance clone; commit identifies exact snapshot.
git,data/raw/github/05_agentic_failures/who_and_when,https://github.com/mingyin1/Agents_Failure_Attribution.git,b2bae5c5b06d681d04ea5e9b63b7a30525c04925,,10249387,198,LICENSE,MIT,verified,Shallow provenance clone; commit identifies exact snapshot.
git,data/raw/github/06_prompt_injection/agentdojo,https://github.com/ethz-spylab/agentdojo.git,089ed468cf3ed0322acc66b0211f26d9d90dbf60,,434398019,36860,LICENSE,MIT,verified,Shallow provenance clone; commit identifies exact snapshot.
git,data/raw/github/06_prompt_injection/InjecAgent,https://github.com/uiuc-kang-lab/InjecAgent.git,f19c9f2c79a41046eb13c03c51a24c567a8ffa07,,6428687,24,LICENCE,MIT,verified,Shallow provenance clone; commit identifies exact snapshot.
git,data/raw/github/06_prompt_injection/jailbreak_llms,https://github.com/verazuo/jailbreak_llms.git,4f4031bf8be187f4478c7f94f42b08714722c12e,,40222647,15,LICENSE,MIT,verified,Shallow provenance clone; commit identifies exact snapshot.
git,data/raw/github/06_prompt_injection/owasp_llm_top10,https://github.com/OWASP/www-project-top-10-for-large-language-model-applications.git,99f4395589bdbd120ae961f9cd179e79d7f9b27f,,471260613,901,LICENSE.md;initiatives/agent_security_initiative/LICENSE;initiatives/data_gathering/data_validation/LICENSE;initiatives/data_gathering/literature/LICENSE;initiatives/data_gathering/mappings/LICENSE;initiatives/data_gathering/entrydatasupport/2_0/2_0_candidates/LICENSE,CC-BY-SA,verified,Shallow provenance clone; commit identifies exact snapshot.
http,data/_scripts/aat_data_remote/ai_risk_taxonomies/AgentDojo_2406.13352.pdf,https://arxiv.org/pdf/2406.13352,,349884fffbf43282591c5accffd57bb651632f38e412fe303114941bdd111b05,1042076,1,,official/public download; source terms still apply,verified,File SHA-256 verified locally.
http,data/_scripts/aat_data_remote/ai_risk_taxonomies/AIID_editor_lessons_2409.16425.pdf,https://arxiv.org/pdf/2409.16425,,b56212cb142d9068802eac7e53eb3c5fb79ec2c2e40c0b237d70d8af4758731d,111591,1,,official/public download; source terms still apply,verified,File SHA-256 verified locally.
http,data/_scripts/aat_data_remote/ai_risk_taxonomies/InjecAgent_2403.02691.pdf,https://arxiv.org/pdf/2403.02691,,49e6e6a4a00c797a772ef905a154c0839426655027d5fa0ce6b632e6c1db2bfb,3183277,1,,official/public download; source terms still apply,verified,File SHA-256 verified locally.
http,data/_scripts/aat_data_remote/ai_risk_taxonomies/MAST_multiagent_failure_taxonomy_2503.13657.pdf,https://arxiv.org/pdf/2503.13657,,1b9e317a2a421e60ca2b2eda4a30844557a01e63286a790890c0ecef32d25460,1188307,1,,official/public download; source terms still apply,verified,File SHA-256 verified locally.
http,data/_scripts/aat_data_remote/ai_risk_taxonomies/MIT_AI_Risk_Repository_paper_2408.12622.pdf,https://arxiv.org/pdf/2408.12622,,8f3559ee5c4621a7cd72281daa0b28377dd2bde20f243598d6910ae50e396765,5636943,1,,official/public download; source terms still apply,verified,File SHA-256 verified locally.
http,data/_scripts/aat_data_remote/ai_risk_taxonomies/Taxonomy_AI_risks_2306.12001.pdf,https://arxiv.org/pdf/2306.12001,,db87a2c26d9ccf274d7e1500e584d86c0c478dc9e04cf8c6fd24b465d82d696f,5355095,1,,official/public download; source terms still apply,verified,File SHA-256 verified locally.
http,data/_scripts/aat_data_remote/ai_risk_taxonomies/TRAIL_trace_reasoning_2505.08638.pdf,https://arxiv.org/pdf/2505.08638,,9d7dc90d3343e9d4c19df37f4926c02feb42deed78dfc854f33f423470ca68f5,2644981,1,,official/public download; source terms still apply,verified,File SHA-256 verified locally.
http,data/_scripts/aat_data_remote/aiid_excel/AIID_Excel_Export-20260831.xlsx,https://incidentdatabase.ai/research/snapshots,,03554da10ef635f30f3f0a40756cda81074969fe97248de35411df0bebd065c9,2448937,1,,official/public download; source terms still apply,verified,File SHA-256 verified locally.
http,data/_scripts/aat_data_remote/aiid_excel/backup-20260831101113.tar.bz2,https://incidentdatabase.ai/research/snapshots,,5dca92f9cff48fa4bdc2ce254820fd164ba806117cd4ce1cc318c9f3780d11bf,111324448,1,,official/public download; source terms still apply,verified,File SHA-256 verified locally.
http,data/_scripts/aat_data_remote/cas_schedule_p/comauto_pos.csv,https://www.casact.org/sites/default/files/2021-04/comauto_pos.csv,,568a16c666d82e1871658e31ba0280257b846a313c050c6f7eaaaf2d3c009e0b,1096456,1,,official/public download; source terms still apply,verified,File SHA-256 verified locally.
http,data/_scripts/aat_data_remote/cas_schedule_p/medmal_pos.csv,https://www.casact.org/sites/default/files/2021-04/medmal_pos.csv,,9a5f8cbda1ba1556a22127837212c40c884ebb93cf91292ab7e94ba48c958d63,243780,1,,official/public download; source terms still apply,verified,File SHA-256 verified locally.
http,data/_scripts/aat_data_remote/cas_schedule_p/othliab_pos.csv,https://www.casact.org/sites/default/files/2021-04/othliab_pos.csv,,31e7e63091611e2b3e97ee0f30c1e366873147e49abbea6d70ba3cb71301afdd,1626377,1,,official/public download; source terms still apply,verified,File SHA-256 verified locally.
http,data/_scripts/aat_data_remote/cas_schedule_p/ppauto_pos.csv,https://www.casact.org/sites/default/files/2021-04/ppauto_pos.csv,,d8d06ffbeaba7e6ce896a70417ef58fbc9840b71caffcbe488fb58fa59536ec9,1046587,1,,official/public download; source terms still apply,verified,File SHA-256 verified locally.
http,data/_scripts/aat_data_remote/cas_schedule_p/prodliab_pos.csv,https://www.casact.org/sites/default/files/2021-04/prodliab_pos.csv,,73cf0b4ca7801dd43687ed4ed2efa4d346f327db10dc849ef2f8f8d6616ea7f1,453580,1,,official/public download; source terms still apply,verified,File SHA-256 verified locally.
http,data/_scripts/aat_data_remote/cas_schedule_p/wkcomp_pos.csv,https://www.casact.org/sites/default/files/2021-04/wkcomp_pos.csv,,4c2e23e3dd0edb2a1f3b3434252fa7f19c7bf62c862575c9b0bb87c3ff8606f2,926241,1,,official/public download; source terms still apply,verified,File SHA-256 verified locally.
http,data/_scripts/aat_data_remote/governance/IMDA_agentic_AI_factsheet.pdf,https://www.imda.gov.sg/-/media/imda/files/news-and-events/media-room/media-releases/2026/01/factsheet-model-ai-governance-framework-for-agentic-ai.pdf,,f3d26d1eb69be4159ed947b8339a7524e94314be6d54c0f5e5a7690b15919714,156508,1,,official/public download; source terms still apply,verified,File SHA-256 verified locally.
http,data/_scripts/aat_data_remote/governance/IMDA_Model_AI_Governance_Framework_Agentic_AI_v1.pdf,,,2636e19ff1c86e862394d2fc900592e97b83c04cc35e3c8443108114b7f1dfba,2169295,1,,official/public download; source terms still apply,verified,File SHA-256 verified locally.
http,data/_scripts/aat_data_remote/governance/IMDA_Model_AI_Governance_Framework_Agentic_AI_v1_5.pdf,https://www.imda.gov.sg/-/media/imda/files/about/emerging-tech-and-research/artificial-intelligence/mgf-for-agentic-ai.pdf,,2636e19ff1c86e862394d2fc900592e97b83c04cc35e3c8443108114b7f1dfba,2169295,1,,official/public download; source terms still apply,verified,File SHA-256 verified locally.
http,data/_scripts/aat_data_remote/governance/NIST_AI_RMF_100-1.pdf,https://nvlpubs.nist.gov/nistpubs/ai/NIST.AI.100-1.pdf,,7576edb531d9848825814ee88e28b1795d3a84b435b4b797d3670eafdc4a89f1,1946127,1,,official/public download; source terms still apply,verified,File SHA-256 verified locally.
http,data/_scripts/aat_data_remote/governance/NIST_GenAI_profile_600-1.pdf,https://nvlpubs.nist.gov/nistpubs/ai/NIST.AI.600-1.pdf,,6e73620ab6b64e90ef2c04bf0e0d6246185a2f4b1b13cab0df494496cff89b6a,1174643,1,,official/public download; source terms still apply,verified,File SHA-256 verified locally.
http,data/_scripts/aat_data_remote/huggingface_open/AgentHarm_benign_test_public.json,https://huggingface.co/datasets/ai-safety-institute/AgentHarm/resolve/main/benchmark/benign_behaviors_test_public.json,,65b4ebd4d8d2e7c9a79db4e11bc642f1800e642be0626ba0a990c763a325957a,138721,1,,official/public download; source terms still apply,verified,File SHA-256 verified locally.
http,data/_scripts/aat_data_remote/huggingface_open/AgentHarm_harmful_test_public.json,https://huggingface.co/datasets/ai-safety-institute/AgentHarm/resolve/main/benchmark/harmful_behaviors_test_public.json,,fc3e4abbcd812022b85150b0e6f81c0bdbdfabb486e5b82ec46f1ba135f3ba08,134140,1,,official/public download; source terms still apply,verified,File SHA-256 verified locally.
http,data/_scripts/aat_data_remote/huggingface_open/butterflylabs_ai-incidents.csv,https://huggingface.co/datasets/butterflylabs/ai-incidents/resolve/main/incidents.csv,,ed2db9cda08d8235fd6a804030317d4e2c8069f3ee805a9452b9e26d28e62a71,10770704,1,,official/public download; source terms still apply,verified,File SHA-256 verified locally.
http,data/_scripts/aat_data_remote/huggingface_open/deepset_prompt-injections_test.parquet,https://huggingface.co/datasets/deepset/prompt-injections/resolve/refs%2Fconvert%2Fparquet/default/test/0000.parquet,,39ac797cabc157eeed58435a08593b2952bb6cb16fc394a2d383f447cc7b246e,10892,1,,official/public download; source terms still apply,verified,File SHA-256 verified locally.
http,data/_scripts/aat_data_remote/huggingface_open/deepset_prompt-injections_train.parquet,https://huggingface.co/datasets/deepset/prompt-injections/resolve/refs%2Fconvert%2Fparquet/default/train/0000.parquet,,2e10bc7ab30f542c97e4e83e2a5683000b5057d25ec10908784c631d44124c04,40323,1,,official/public download; source terms still apply,verified,File SHA-256 verified locally.
http,data/_scripts/aat_data_remote/huggingface_open/jailbreak-classification_test.parquet,https://huggingface.co/datasets/jackhhao/jailbreak-classification/resolve/refs%2Fconvert%2Fparquet/default/test/0000.parquet,,ac6e2f913e748558ac3c17be182a7f86c6076ce665cf034bc59491ecbb224c7e,210777,1,,official/public download; source terms still apply,verified,File SHA-256 verified locally.
http,data/_scripts/aat_data_remote/huggingface_open/jailbreak-classification_train.parquet,https://huggingface.co/datasets/jackhhao/jailbreak-classification/resolve/refs%2Fconvert%2Fparquet/default/train/0000.parquet,,383b626a73da46af67c268401bd7ddd6e092f7b318aabbe84c32e9dd5d53392e,718668,1,,official/public download; source terms still apply,verified,File SHA-256 verified locally.
http,data/_scripts/aat_data_remote/oprisk_basel/BCBS160_2008_LDCE_overview.pdf,https://www.bis.org/publ/bcbs160.pdf,,a51f19e1cd9ff2493c42f22e7483ef35b24b23bc1ad73a547d99113c63968e03,537845,1,,official/public download; source terms still apply,verified,File SHA-256 verified locally.
http,data/_scripts/aat_data_remote/oprisk_basel/BCBS160b_2008_AMA_range_of_practice.pdf,https://www.bis.org/publ/bcbs160b.pdf,,973cafd5c0d9cce1219cde71779d02391bf830ff3ec7a0e4d60af245207f604f,2117674,1,,official/public download; source terms still apply,verified,File SHA-256 verified locally.
http,data/_scripts/aat_data_remote/oprisk_basel/BCBS195_sound_practices_oprisk.pdf,https://www.bis.org/publ/bcbs195.pdf,,d9491f870b4d8ffafa78b45923ada75b3e93223fca2f0ca069e8e3b708a108fc,136333,1,,official/public download; source terms still apply,verified,File SHA-256 verified locally.
http,data/_scripts/aat_data_remote/oprisk_basel/BCBS196_AMA_supervisory_guidelines.pdf,https://www.bis.org/publ/bcbs196.pdf,,785e1d05030bb5ac8271d5cbcfcd4434ec74757f2dc4bf307816ab82fb3e9a03,349153,1,,official/public download; source terms still apply,verified,File SHA-256 verified locally.
http,data/_scripts/aat_data_remote/oprisk_basel/BCBS_2002_operational_risk_LDCE_instructions.pdf,https://www.bis.org/publications/bcbs-qis/oprdata.pdf,,0fd19fb4842c7de5a4d6b1f2d41d2860799be4502e5dc354ea175e832e636c0c,48568,1,,official/public download; source terms still apply,verified,File SHA-256 verified locally.
http,data/_scripts/aat_data_remote/oprisk_basel/BCBS_2002_operational_risk_LDCE_summary.pdf,https://www.bis.org/publications/200111-qis-2002-loss-data-collection-exercise-operational-risk-summary-data-collected.pdf,,477f8b2f8b798580b3481f2b25e0ba80f9efe87ab53152618be449f88a9c9395,221985,1,,official/public download; source terms still apply,verified,File SHA-256 verified locally.
http,data/_scripts/aat_data_remote/oprisk_basel/BCBS_d355_standardised_measurement_approach.pdf,https://www.bis.org/bcbs/publ/d355.pdf,,5fb523c3c07e3ffb60a0aaf19d48e04e279533a489bfc645bbcaf3497a879c32,293194,1,,official/public download; source terms still apply,verified,File SHA-256 verified locally.
http,data/_scripts/aat_data_remote/oprisk_basel/BCBS_d424_Basel_III_finalisation_SA_oprisk.pdf,https://www.bis.org/bcbs/publ/d424.pdf,,32afd37cade34f8439bdc16f606d5520d4612b7339ef1cf8c44ebb706df6bac4,3053985,1,,official/public download; source terms still apply,verified,File SHA-256 verified locally.
http,data/_scripts/aat_data_remote/solvency2_eiopa/EIOPA_SA_accompanying_note.pdf,https://register.eiopa.europa.eu/Publications/Insurance%20Statistics/SA_Accompanying_note.pdf,,0ae23751489996001e024f41c756b4d784e3d32e0d71b67ec3234f52e751155b,345537,1,,official/public download; source terms still apply,verified,File SHA-256 verified locally.
http,data/_scripts/aat_data_remote/solvency2_eiopa/EIOPA_SA_Balance_Sheet.csv,https://nexteuropa-multisites.s3.eu-west-1.amazonaws.com/www.eiopa.europa.eu/assets/insurance-statistics/SA_Balance_Sheet.csv,,04b518688252f0c82c197f2a177aebe27310270af15d761a2def317d824daabb,2680516,1,,official/public download; source terms still apply,verified,File SHA-256 verified locally.
http,data/_scripts/aat_data_remote/solvency2_eiopa/EIOPA_SA_Own_Funds.csv,https://nexteuropa-multisites.s3.eu-west-1.amazonaws.com/www.eiopa.europa.eu/assets/insurance-statistics/SA_Own_Funds.csv,,7f3c5db3e4ed342e57bd8ba772461c3bc5884171b3fc530abbd7912775d62146,573352,1,,official/public download; source terms still apply,verified,File SHA-256 verified locally.
http,data/_scripts/aat_data_remote/solvency2_eiopa/EIOPA_SA_Own_Funds.xlsx,https://nexteuropa-multisites.s3.eu-west-1.amazonaws.com/www.eiopa.europa.eu/assets/insurance-statistics/SA_Own_Funds.xlsx,,2c42ef399cbfff7e60eef4e358418c4b5ed78a9d529c6d1b2f68caaa9980816b,815654,1,,official/public download; source terms still apply,verified,File SHA-256 verified locally.
http,data/_scripts/aat_data_remote/solvency2_eiopa/EIOPA_SA_Premiums_Claims_Expenses.csv,https://nexteuropa-multisites.s3.eu-west-1.amazonaws.com/www.eiopa.europa.eu/assets/insurance-statistics/SA_Premiums_Claims_Expenses.csv,,e18b689914784a10051a9ed509ea42a08fcec8ef0c96e1d494a5914b51dd0916,1918116,1,,official/public download; source terms still apply,verified,File SHA-256 verified locally.
http,data/_scripts/aat_data_remote/solvency2_eiopa/EIOPA_SQ_Balance_Sheet.csv,https://nexteuropa-multisites.s3.eu-west-1.amazonaws.com/www.eiopa.europa.eu/assets/insurance-statistics/SQ_Balance_Sheet.csv,,879f1032b6d72b0428e6ef596247e3bbfae94bcc90e5187e48c852761caac0d1,21688724,1,,official/public download; source terms still apply,verified,File SHA-256 verified locally.
http,data/_scripts/aat_data_remote/solvency2_eiopa/EIOPA_SQ_Own_Funds.csv,https://nexteuropa-multisites.s3.eu-west-1.amazonaws.com/www.eiopa.europa.eu/assets/insurance-statistics/SQ_Own_Funds.csv,,09749dea6c44bf7363326516f52eb0bda1abff00b9425f6a23c7d60af2294251,7054095,1,,official/public download; source terms still apply,verified,File SHA-256 verified locally.
huggingface,data/raw/huggingface/ai-safety-institute_AgentHarm/benchmark/benign_behaviors_test_public.json,https://huggingface.co/datasets/ai-safety-institute/AgentHarm,e23b3fe60a0da9037314b88e5ee3a0c054970dad,65b4ebd4d8d2e7c9a79db4e11bc642f1800e642be0626ba0a990c763a325957a,138721,1,,other,verified,File SHA-256 verified locally.
huggingface,data/raw/huggingface/ai-safety-institute_AgentHarm/benchmark/benign_behaviors_validation.json,https://huggingface.co/datasets/ai-safety-institute/AgentHarm,e23b3fe60a0da9037314b88e5ee3a0c054970dad,b74ffb781ce54182775a8b2843ea341ab2fb4cfea5743bfa89a368e52a76c27a,23508,1,,other,verified,File SHA-256 verified locally.
huggingface,data/raw/huggingface/ai-safety-institute_AgentHarm/benchmark/chat_public_test.json,https://huggingface.co/datasets/ai-safety-institute/AgentHarm,e23b3fe60a0da9037314b88e5ee3a0c054970dad,699a8325ce6dc355fd6ebef07bd2a9e76cca4c0ca7b6971774f2ff117e8f4512,17984,1,,other,verified,File SHA-256 verified locally.
huggingface,data/raw/huggingface/ai-safety-institute_AgentHarm/benchmark/chat_validation.json,https://huggingface.co/datasets/ai-safety-institute/AgentHarm,e23b3fe60a0da9037314b88e5ee3a0c054970dad,06684a6968e0bb65bcb15bc1cdaf3bd8c486fc54164e7623a35e3ee58bf93565,3134,1,,other,verified,File SHA-256 verified locally.
huggingface,data/raw/huggingface/ai-safety-institute_AgentHarm/benchmark/harmful_behaviors_test_public.json,https://huggingface.co/datasets/ai-safety-institute/AgentHarm,e23b3fe60a0da9037314b88e5ee3a0c054970dad,fc3e4abbcd812022b85150b0e6f81c0bdbdfabb486e5b82ec46f1ba135f3ba08,134140,1,,other,verified,File SHA-256 verified locally.
huggingface,data/raw/huggingface/ai-safety-institute_AgentHarm/benchmark/harmful_behaviors_validation.json,https://huggingface.co/datasets/ai-safety-institute/AgentHarm,e23b3fe60a0da9037314b88e5ee3a0c054970dad,40cd099915258b41142acfc88a9f2b4e15cd631c5490ad02a0dce0cf2b9c175e,22584,1,,other,verified,File SHA-256 verified locally.
huggingface,data/raw/huggingface/ai-safety-institute_AgentHarm/LICENSE,https://huggingface.co/datasets/ai-safety-institute/AgentHarm,e23b3fe60a0da9037314b88e5ee3a0c054970dad,b5f0803470d24b0b441e7cece4fe68df0bd4086f1dc118ca27718d31775f5cf9,1237,1,,other,verified,File SHA-256 verified locally.
huggingface,data/raw/huggingface/ai-safety-institute_AgentHarm/README.md,https://huggingface.co/datasets/ai-safety-institute/AgentHarm,e23b3fe60a0da9037314b88e5ee3a0c054970dad,a161c8273e7c4212463be38aad8a03667940f7383ddabc712f9cf4ab69c99f0e,6353,1,,other,verified,File SHA-256 verified locally.
huggingface,data/raw/huggingface/butterflylabs_ai-incidents/.gitattributes,https://huggingface.co/datasets/butterflylabs/ai-incidents,a867edbc6ce5380343fff69fb7f97d2288f16ec9,100779bb73a5bd27587e534d20733a8ecc37daa70804ab7366b7e27e6b832310,2606,1,,cc-by-4.0,verified,File SHA-256 verified locally.
huggingface,data/raw/huggingface/butterflylabs_ai-incidents/dataset.json,https://huggingface.co/datasets/butterflylabs/ai-incidents,a867edbc6ce5380343fff69fb7f97d2288f16ec9,03b044c224f38b8931bb49e4497613f647df45b411de40f0122815eed530833a,3317,1,,cc-by-4.0,verified,File SHA-256 verified locally.
huggingface,data/raw/huggingface/butterflylabs_ai-incidents/incidents.csv,https://huggingface.co/datasets/butterflylabs/ai-incidents,a867edbc6ce5380343fff69fb7f97d2288f16ec9,ed2db9cda08d8235fd6a804030317d4e2c8069f3ee805a9452b9e26d28e62a71,10770704,1,,cc-by-4.0,verified,File SHA-256 verified locally.
huggingface,data/raw/huggingface/butterflylabs_ai-incidents/incidents.jsonl,https://huggingface.co/datasets/butterflylabs/ai-incidents,a867edbc6ce5380343fff69fb7f97d2288f16ec9,531840693e7024c8ea7a6054a5fba15e0cfe3760a473f18874613de5e1aa3925,12784105,1,,cc-by-4.0,verified,File SHA-256 verified locally.
huggingface,data/raw/huggingface/butterflylabs_ai-incidents/README.md,https://huggingface.co/datasets/butterflylabs/ai-incidents,a867edbc6ce5380343fff69fb7f97d2288f16ec9,81aa36392409038860d88cce4fc87a7e16bf0367dbc5cd82f388c82ecccedd52,2671,1,,cc-by-4.0,verified,File SHA-256 verified locally.
huggingface,data/raw/huggingface/deepset_prompt-injections/.gitattributes,https://huggingface.co/datasets/deepset/prompt-injections,4f61ecb038e9c3fb77e21034b22511b523772cdd,79deb409a995d414d9b2e89b5e16a5f46fcaa7596c63242dd0bd72311a422458,2265,1,,apache-2.0,verified,File SHA-256 verified locally.
huggingface,data/raw/huggingface/deepset_prompt-injections/data/test-00000-of-00001-701d16158af87368.parquet,https://huggingface.co/datasets/deepset/prompt-injections,4f61ecb038e9c3fb77e21034b22511b523772cdd,39ac797cabc157eeed58435a08593b2952bb6cb16fc394a2d383f447cc7b246e,10892,1,,apache-2.0,verified,File SHA-256 verified locally.
huggingface,data/raw/huggingface/deepset_prompt-injections/data/train-00000-of-00001-9564e8b05b4757ab.parquet,https://huggingface.co/datasets/deepset/prompt-injections,4f61ecb038e9c3fb77e21034b22511b523772cdd,2e10bc7ab30f542c97e4e83e2a5683000b5057d25ec10908784c631d44124c04,40323,1,,apache-2.0,verified,File SHA-256 verified locally.
huggingface,data/raw/huggingface/deepset_prompt-injections/gitattributes.txt,https://huggingface.co/datasets/deepset/prompt-injections,4f61ecb038e9c3fb77e21034b22511b523772cdd,79deb409a995d414d9b2e89b5e16a5f46fcaa7596c63242dd0bd72311a422458,2265,1,,apache-2.0,verified,File SHA-256 verified locally.
huggingface,data/raw/huggingface/deepset_prompt-injections/README.md,https://huggingface.co/datasets/deepset/prompt-injections,4f61ecb038e9c3fb77e21034b22511b523772cdd,d90b4518dfe06154deeec938243d1ec9119bdfbfd2105aee9cf1567999764b94,500,1,,apache-2.0,verified,File SHA-256 verified locally.
huggingface,data/raw/huggingface/jackhhao_jailbreak-classification/.gitattributes,https://huggingface.co/datasets/jackhhao/jailbreak-classification,2f2ceeb39658696fd3f462403562b6eea5306287,f4e703ea6e44bbebe53aceed2a89c11e40b88b7ae130c480c89860ab805ffc8f,2307,1,,apache-2.0,verified,File SHA-256 verified locally.
huggingface,data/raw/huggingface/jackhhao_jailbreak-classification/balanced/jailbreak_dataset_full_balanced.csv,https://huggingface.co/datasets/jackhhao/jailbreak-classification,2f2ceeb39658696fd3f462403562b6eea5306287,9f3c4ef27a58287738b2517c6cd138c16ea1bf87cb00a1c2daf502df85799561,1679485,1,,apache-2.0,verified,File SHA-256 verified locally.
huggingface,data/raw/huggingface/jackhhao_jailbreak-classification/balanced/jailbreak_dataset_test_balanced.csv,https://huggingface.co/datasets/jackhhao/jailbreak-classification,2f2ceeb39658696fd3f462403562b6eea5306287,809ef0d7c82fa05c31e818e9c3ff68f769632ac6d11cc3b43254cada577869a9,369990,1,,apache-2.0,verified,File SHA-256 verified locally.
huggingface,data/raw/huggingface/jackhhao_jailbreak-classification/balanced/jailbreak_dataset_train_balanced.csv,https://huggingface.co/datasets/jackhhao/jailbreak-classification,2f2ceeb39658696fd3f462403562b6eea5306287,e0c1460d229dc5d9162d5393a4e5e42382e862d04f400354bd4123b7d5257fff,1309507,1,,apache-2.0,verified,File SHA-256 verified locally.
huggingface,data/raw/huggingface/jackhhao_jailbreak-classification/default/jailbreak_dataset_full.csv,https://huggingface.co/datasets/jackhhao/jailbreak-classification,2f2ceeb39658696fd3f462403562b6eea5306287,79a7b90b0abe00e3586cc5048353c3236543cca228a1ee261fe3b57a7cb7e29f,2143822,1,,apache-2.0,verified,File SHA-256 verified locally.
huggingface,data/raw/huggingface/jackhhao_jailbreak-classification/default/jailbreak_dataset_test.csv,https://huggingface.co/datasets/jackhhao/jailbreak-classification,2f2ceeb39658696fd3f462403562b6eea5306287,a546ce540973d8f5ef87ce3be4bd21ee5923154b9dda86eba5a12c7fa00829da,453350,1,,apache-2.0,verified,File SHA-256 verified locally.
huggingface,data/raw/huggingface/jackhhao_jailbreak-classification/default/jailbreak_dataset_train.csv,https://huggingface.co/datasets/jackhhao/jailbreak-classification,2f2ceeb39658696fd3f462403562b6eea5306287,a5cb24b0865ef37a248d6d82bd21026ce39c89f11abae5d26d4ae58aad3ffe40,1690484,1,,apache-2.0,verified,File SHA-256 verified locally.
huggingface,data/raw/huggingface/jackhhao_jailbreak-classification/README.md,https://huggingface.co/datasets/jackhhao/jailbreak-classification,2f2ceeb39658696fd3f462403562b6eea5306287,4698cabf6cef60b56885cdd49c6a4386909c16715e89a06ba1e80ebef8fc93be,988,1,,apache-2.0,verified,File SHA-256 verified locally.
huggingface,data/raw/huggingface/Kevin355_Who_and_When/.gitattributes,https://huggingface.co/datasets/Kevin355/Who_and_When,59b9fcba1aaed7bbf206b5f4d3c68b8face2f49c,e7a120ab07b1bc5b486be249e9fc6c83d59448d0093e1dfebe95d1566d9cafc0,2461,1,,not declared in dataset card,verified,File SHA-256 verified locally.
huggingface,data/raw/huggingface/Kevin355_Who_and_When/Algorithm-Generated.parquet,https://huggingface.co/datasets/Kevin355/Who_and_When,59b9fcba1aaed7bbf206b5f4d3c68b8face2f49c,1d1720f4a8416ee0ed64bc13fa3f75655891e760a917924a071deac443133cf8,625066,1,,not declared in dataset card,verified,File SHA-256 verified locally.
huggingface,data/raw/huggingface/Kevin355_Who_and_When/Hand-Crafted.parquet,https://huggingface.co/datasets/Kevin355/Who_and_When,59b9fcba1aaed7bbf206b5f4d3c68b8face2f49c,d28ffe10b124b2ba46a662be3b438fbe0de7c4c4fcba4f46302c0a4b2575f62f,1269999,1,,not declared in dataset card,verified,File SHA-256 verified locally.
huggingface,data/raw/huggingface/Kevin355_Who_and_When/README.md,https://huggingface.co/datasets/Kevin355/Who_and_When,59b9fcba1aaed7bbf206b5f4d3c68b8face2f49c,377fe597ae179e4757fecfc739bdcf2aa5407057a017ed6d835fe0ae40855a76,1768,1,,not declared in dataset card,verified,File SHA-256 verified locally.
huggingface,data/raw/huggingface/Kevin355_Who_and_When/Who&When/Algorithm-Generated/1.json,https://huggingface.co/datasets/Kevin355/Who_and_When,59b9fcba1aaed7bbf206b5f4d3c68b8face2f49c,9a3295bd60713bf8603ad91b2ef3e563cefca448195cf7a19a046fa0b6ba3408,11626,1,,not declared in dataset card,verified,File SHA-256 verified locally.
huggingface,data/raw/huggingface/Kevin355_Who_and_When/Who&When/Algorithm-Generated/10.json,https://huggingface.co/datasets/Kevin355/Who_and_When,59b9fcba1aaed7bbf206b5f4d3c68b8face2f49c,eeac359270ccc332502e89fc0ca5c038611173eeea7284fad127b655ad36ede0,12318,1,,not declared in dataset card,verified,File SHA-256 verified locally.
huggingface,data/raw/huggingface/Kevin355_Who_and_When/Who&When/Algorithm-Generated/100.json,https://huggingface.co/datasets/Kevin355/Who_and_When,59b9fcba1aaed7bbf206b5f4d3c68b8face2f49c,2fffcaae6cac96e4a9ae7595a28063b590888baa73d08cdf9c0054adac4c9aa6,21094,1,,not declared in dataset card,verified,File SHA-256 verified locally.
huggingface,data/raw/huggingface/Kevin355_Who_and_When/Who&When/Algorithm-Generated/101.json,https://huggingface.co/datasets/Kevin355/Who_and_When,59b9fcba1aaed7bbf206b5f4d3c68b8face2f49c,765a5c7040a7007afd6d9c8faf83c23bab300243d531d3e53b135baa7e9186cc,14062,1,,not declared in dataset card,verified,File SHA-256 verified locally.
huggingface,data/raw/huggingface/Kevin355_Who_and_When/Who&When/Algorithm-Generated/102.json,https://huggingface.co/datasets/Kevin355/Who_and_When,59b9fcba1aaed7bbf206b5f4d3c68b8face2f49c,935774d2cb98bf7e6453a7a6aff94fe2bd98267274728a0417f1c441e7b312e8,9293,1,,not declared in dataset card,verified,File SHA-256 verified locally.
huggingface,data/raw/huggingface/Kevin355_Who_and_When/Who&When/Algorithm-Generated/103.json,https://huggingface.co/datasets/Kevin355/Who_and_When,59b9fcba1aaed7bbf206b5f4d3c68b8face2f49c,f0f8d82f14a673ae00c24aca1e771827049844f6cfa15d61d4b72c74affe98c4,32540,1,,not declared in dataset card,verified,File SHA-256 verified locally.
huggingface,data/raw/huggingface/Kevin355_Who_and_When/Who&When/Algorithm-Generated/104.json,https://huggingface.co/datasets/Kevin355/Who_and_When,59b9fcba1aaed7bbf206b5f4d3c68b8face2f49c,af8a08cdf6d265bc060ecae77ed99caa5b5733f7aa663f4d8bc766cf650a7b20,27525,1,,not declared in dataset card,verified,File SHA-256 verified locally.
huggingface,data/raw/huggingface/Kevin355_Who_and_When/Who&When/Algorithm-Generated/105.json,https://huggingface.co/datasets/Kevin355/Who_and_When,59b9fcba1aaed7bbf206b5f4d3c68b8face2f49c,8a91aa3665b1591c5398dc9fcdedb00fba2606a7b1bb61e373302461c92cdb00,14915,1,,not declared in dataset card,verified,File SHA-256 verified locally.
huggingface,data/raw/huggingface/Kevin355_Who_and_When/Who&When/Algorithm-Generated/106.json,https://huggingface.co/datasets/Kevin355/Who_and_When,59b9fcba1aaed7bbf206b5f4d3c68b8face2f49c,6ee195b9ce76f789e0b36fad153a353ff8fd28641bd79e6c9bbe2a8fd3444e20,13853,1,,not declared in dataset card,verified,File SHA-256 verified locally.
huggingface,data/raw/huggingface/Kevin355_Who_and_When/Who&When/Algorithm-Generated/107.json,https://huggingface.co/datasets/Kevin355/Who_and_When,59b9fcba1aaed7bbf206b5f4d3c68b8face2f49c,6fe95191a37d81f0432c0c362358d6cc01612c10f1ef5dd3af8dcc40e83dcdd6,20172,1,,not declared in dataset card,verified,File SHA-256 verified locally.
huggingface,data/raw/huggingface/Kevin355_Who_and_When/Who&When/Algorithm-Generated/108.json,https://huggingface.co/datasets/Kevin355/Who_and_When,59b9fcba1aaed7bbf206b5f4d3c68b8face2f49c,bea42c85187bd977d955eceb4115755c459c772b671e4e9733ec608a733dbfef,72043,1,,not declared in dataset card,verified,File SHA-256 verified locally.
huggingface,data/raw/huggingface/Kevin355_Who_and_When/Who&When/Algorithm-Generated/109.json,https://huggingface.co/datasets/Kevin355/Who_and_When,59b9fcba1aaed7bbf206b5f4d3c68b8face2f49c,66dfd5cdafa2dc50f1283b55f9e935f617b9d80a69b4bbf474de604c1ff8b1c3,32977,1,,not declared in dataset card,verified,File SHA-256 verified locally.
huggingface,data/raw/huggingface/Kevin355_Who_and_When/Who&When/Algorithm-Generated/11.json,https://huggingface.co/datasets/Kevin355/Who_and_When,59b9fcba1aaed7bbf206b5f4d3c68b8face2f49c,332bd4e883e8c1ce2b7b6d97552fd9a5481de9e9cd9ae468be9540e673ff7068,20531,1,,not declared in dataset card,verified,File SHA-256 verified locally.
huggingface,data/raw/huggingface/Kevin355_Who_and_When/Who&When/Algorithm-Generated/110.json,https://huggingface.co/datasets/Kevin355/Who_and_When,59b9fcba1aaed7bbf206b5f4d3c68b8face2f49c,9d0c62059ce461390fe0bea7d6bd78fb6c2e1e01946e541c950d56897383f340,60293,1,,not declared in dataset card,verified,File SHA-256 verified locally.
huggingface,data/raw/huggingface/Kevin355_Who_and_When/Who&When/Algorithm-Generated/111.json,https://huggingface.co/datasets/Kevin355/Who_and_When,59b9fcba1aaed7bbf206b5f4d3c68b8face2f49c,facf13a0720f86bd6bfc0007a9212b1421532713443a359ca7f11f7109c4ff81,24084,1,,not declared in dataset card,verified,File SHA-256 verified locally.
huggingface,data/raw/huggingface/Kevin355_Who_and_When/Who&When/Algorithm-Generated/112.json,https://huggingface.co/datasets/Kevin355/Who_and_When,59b9fcba1aaed7bbf206b5f4d3c68b8face2f49c,48e2eb4577bf8e09f2d6618561bd5977d535fabfb9ef5c9deb89ad5f1a04c1d1,20762,1,,not declared in dataset card,verified,File SHA-256 verified locally.
huggingface,data/raw/huggingface/Kevin355_Who_and_When/Who&When/Algorithm-Generated/113.json,https://huggingface.co/datasets/Kevin355/Who_and_When,59b9fcba1aaed7bbf206b5f4d3c68b8face2f49c,a9957b1fb43af7e76f59013a66024da0ef3a281a4843343f45d7d1cc8a6b651e,25204,1,,not declared in dataset card,verified,File SHA-256 verified locally.
huggingface,data/raw/huggingface/Kevin355_Who_and_When/Who&When/Algorithm-Generated/114.json,https://huggingface.co/datasets/Kevin355/Who_and_When,59b9fcba1aaed7bbf206b5f4d3c68b8face2f49c,24948fd74affe6245b8ade2d5aef16717b30aaf6892ff786cbc847fe82d293a6,22124,1,,not declared in dataset card,verified,File SHA-256 verified locally.
huggingface,data/raw/huggingface/Kevin355_Who_and_When/Who&When/Algorithm-Generated/115.json,https://huggingface.co/datasets/Kevin355/Who_and_When,59b9fcba1aaed7bbf206b5f4d3c68b8face2f49c,7c733ad545d325537e73fa8ededb05db9ebe238128c3ec64d7b29f4763f4bb1a,18081,1,,not declared in dataset card,verified,File SHA-256 verified locally.
huggingface,data/raw/huggingface/Kevin355_Who_and_When/Who&When/Algorithm-Generated/116.json,https://huggingface.co/datasets/Kevin355/Who_and_When,59b9fcba1aaed7bbf206b5f4d3c68b8face2f49c,f2256cbc9c5789a0f02af1b60b697064d4785092d5b2c867c5477ed94e7f7dcb,22322,1,,not declared in dataset card,verified,File SHA-256 verified locally.
huggingface,data/raw/huggingface/Kevin355_Who_and_When/Who&When/Algorithm-Generated/117.json,https://huggingface.co/datasets/Kevin355/Who_and_When,59b9fcba1aaed7bbf206b5f4d3c68b8face2f49c,b5d1c09a002433e5659f3ac661e8b216a5a3b57dfc13c9bd0e856b224d323854,18231,1,,not declared in dataset card,verified,File SHA-256 verified locally.
huggingface,data/raw/huggingface/Kevin355_Who_and_When/Who&When/Algorithm-Generated/118.json,https://huggingface.co/datasets/Kevin355/Who_and_When,59b9fcba1aaed7bbf206b5f4d3c68b8face2f49c,638fc3382279bd5ee7bf32e763192ca2621845b2a9eb874751648decfe4a3ffa,19744,1,,not declared in dataset card,verified,File SHA-256 verified locally.
huggingface,data/raw/huggingface/Kevin355_Who_and_When/Who&When/Algorithm-Generated/119.json,https://huggingface.co/datasets/Kevin355/Who_and_When,59b9fcba1aaed7bbf206b5f4d3c68b8face2f49c,ea5043b639c87444994e59a256f7048613e6c86f36c84431c6d12852c0b3b8a6,19436,1,,not declared in dataset card,verified,File SHA-256 verified locally.
huggingface,data/raw/huggingface/Kevin355_Who_and_When/Who&When/Algorithm-Generated/12.json,https://huggingface.co/datasets/Kevin355/Who_and_When,59b9fcba1aaed7bbf206b5f4d3c68b8face2f49c,07f00447c7acf77e93450172a2440332d3a60694196b4abdcbdc9d2558af4e92,9617,1,,not declared in dataset card,verified,File SHA-256 verified locally.
huggingface,data/raw/huggingface/Kevin355_Who_and_When/Who&When/Algorithm-Generated/120.json,https://huggingface.co/datasets/Kevin355/Who_and_When,59b9fcba1aaed7bbf206b5f4d3c68b8face2f49c,d184a3fb08d6746c471464f03f3bb6a3cbb46b58ebb80e8bfbd5f94b000c0108,25048,1,,not declared in dataset card,verified,File SHA-256 verified locally.
huggingface,data/raw/huggingface/Kevin355_Who_and_When/Who&When/Algorithm-Generated/121.json,https://huggingface.co/datasets/Kevin355/Who_and_When,59b9fcba1aaed7bbf206b5f4d3c68b8face2f49c,4de401eab6dbacc2cdec156461216c1d4f2985c7e904b45c1975e5267115d606,18017,1,,not declared in dataset card,verified,File SHA-256 verified locally.
huggingface,data/raw/huggingface/Kevin355_Who_and_When/Who&When/Algorithm-Generated/122.json,https://huggingface.co/datasets/Kevin355/Who_and_When,59b9fcba1aaed7bbf206b5f4d3c68b8face2f49c,624e1d0fd0d1816d7c0f1eea19965b4b59e1e18480c0f005a57e6660a0713801,33678,1,,not declared in dataset card,verified,File SHA-256 verified locally.
huggingface,data/raw/huggingface/Kevin355_Who_and_When/Who&When/Algorithm-Generated/123.json,https://huggingface.co/datasets/Kevin355/Who_and_When,59b9fcba1aaed7bbf206b5f4d3c68b8face2f49c,62b99f81a05eb3c3fe53d19b81c233a510380158941696e3c1ced98fc350dbaa,15172,1,,not declared in dataset card,verified,File SHA-256 verified locally.
huggingface,data/raw/huggingface/Kevin355_Who_and_When/Who&When/Algorithm-Generated/124.json,https://huggingface.co/datasets/Kevin355/Who_and_When,59b9fcba1aaed7bbf206b5f4d3c68b8face2f49c,8fe2c5197951120518f150b7be1bbcf92ea1d89bc1c90e048ad8e31bf7ae172d,14663,1,,not declared in dataset card,verified,File SHA-256 verified locally.
huggingface,data/raw/huggingface/Kevin355_Who_and_When/Who&When/Algorithm-Generated/125.json,https://huggingface.co/datasets/Kevin355/Who_and_When,59b9fcba1aaed7bbf206b5f4d3c68b8face2f49c,633757f1828f3e5bed9b5588a9de064a8f7be3970fb784a713dd59dc995ef3c8,14245,1,,not declared in dataset card,verified,File SHA-256 verified locally.
huggingface,data/raw/huggingface/Kevin355_Who_and_When/Who&When/Algorithm-Generated/126.json,https://huggingface.co/datasets/Kevin355/Who_and_When,59b9fcba1aaed7bbf206b5f4d3c68b8face2f49c,0f498748c12decb5ecdc07ceedc37c3f54d989a4181c913bb6faf756f33d00c6,17392,1,,not declared in dataset card,verified,File SHA-256 verified locally.
huggingface,data/raw/huggingface/Kevin355_Who_and_When/Who&When/Algorithm-Generated/13.json,https://huggingface.co/datasets/Kevin355/Who_and_When,59b9fcba1aaed7bbf206b5f4d3c68b8face2f49c,49aa6026f0ef77649add87dbf99262d0b9f93f4e2d5c016fa365ee5a14c24512,24412,1,,not declared in dataset card,verified,File SHA-256 verified locally.
huggingface,data/raw/huggingface/Kevin355_Who_and_When/Who&When/Algorithm-Generated/14.json,https://huggingface.co/datasets/Kevin355/Who_and_When,59b9fcba1aaed7bbf206b5f4d3c68b8face2f49c,00b9b8a77401fe31b57e8810bb9d24cf8e499ead43ce4d8301ee2ad19407e6f6,27870,1,,not declared in dataset card,verified,File SHA-256 verified locally.
huggingface,data/raw/huggingface/Kevin355_Who_and_When/Who&When/Algorithm-Generated/15.json,https://huggingface.co/datasets/Kevin355/Who_and_When,59b9fcba1aaed7bbf206b5f4d3c68b8face2f49c,2ebcea095ae31c7926ecbe8b6cec44653b9a55da3181e055ea2667002719ba5d,19930,1,,not declared in dataset card,verified,File SHA-256 verified locally.
huggingface,data/raw/huggingface/Kevin355_Who_and_When/Who&When/Algorithm-Generated/16.json,https://huggingface.co/datasets/Kevin355/Who_and_When,59b9fcba1aaed7bbf206b5f4d3c68b8face2f49c,a50d0a5df5bdb893283418d0d3cb74f4db0075b8264167746f165893e845a379,18230,1,,not declared in dataset card,verified,File SHA-256 verified locally.
huggingface,data/raw/huggingface/Kevin355_Who_and_When/Who&When/Algorithm-Generated/17.json,https://huggingface.co/datasets/Kevin355/Who_and_When,59b9fcba1aaed7bbf206b5f4d3c68b8face2f49c,cab5487ff9f5cd060a8891b339214536b2695258845dea7bdf971ebb4618f1e7,19193,1,,not declared in dataset card,verified,File SHA-256 verified locally.
huggingface,data/raw/huggingface/Kevin355_Who_and_When/Who&When/Algorithm-Generated/18.json,https://huggingface.co/datasets/Kevin355/Who_and_When,59b9fcba1aaed7bbf206b5f4d3c68b8face2f49c,280fe3958c119ffaffa1c4e9bf0fc77b4f4a9c6944b0247d9e62c864913e5708,20651,1,,not declared in dataset card,verified,File SHA-256 verified locally.
huggingface,data/raw/huggingface/Kevin355_Who_and_When/Who&When/Algorithm-Generated/19.json,https://huggingface.co/datasets/Kevin355/Who_and_When,59b9fcba1aaed7bbf206b5f4d3c68b8face2f49c,1f0a735cc1c0b5fd9e15cdf9db5669c46364cd3fec8cc75039e679b844547ace,18417,1,,not declared in dataset card,verified,File SHA-256 verified locally.
huggingface,data/raw/huggingface/Kevin355_Who_and_When/Who&When/Algorithm-Generated/2.json,https://huggingface.co/datasets/Kevin355/Who_and_When,59b9fcba1aaed7bbf206b5f4d3c68b8face2f49c,42a02f83aeca6467e0217125f61942f2b9be05a49aaadde2af6b31966d8a6b91,17892,1,,not declared in dataset card,verified,File SHA-256 verified locally.
huggingface,data/raw/huggingface/Kevin355_Who_and_When/Who&When/Algorithm-Generated/20.json,https://huggingface.co/datasets/Kevin355/Who_and_When,59b9fcba1aaed7bbf206b5f4d3c68b8face2f49c,bd545e32690e852d1af4e23fd542ab7ae6862c5d54d854fbe3bafb8adc7be22a,37024,1,,not declared in dataset card,verified,File SHA-256 verified locally.
huggingface,data/raw/huggingface/Kevin355_Who_and_When/Who&When/Algorithm-Generated/21.json,https://huggingface.co/datasets/Kevin355/Who_and_When,59b9fcba1aaed7bbf206b5f4d3c68b8face2f49c,6240a992b2ae60b8d48193fd8ee871d5f1401eccae81eb973775aa54ad7c40fc,8765,1,,not declared in dataset card,verified,File SHA-256 verified locally.
huggingface,data/raw/huggingface/Kevin355_Who_and_When/Who&When/Algorithm-Generated/22.json,https://huggingface.co/datasets/Kevin355/Who_and_When,59b9fcba1aaed7bbf206b5f4d3c68b8face2f49c,006ce93bfc74314ca01d9c6fdfcd6f76deff0ed2db63610f47b89cab6e4dd73e,18800,1,,not declared in dataset card,verified,File SHA-256 verified locally.
huggingface,data/raw/huggingface/Kevin355_Who_and_When/Who&When/Algorithm-Generated/23.json,https://huggingface.co/datasets/Kevin355/Who_and_When,59b9fcba1aaed7bbf206b5f4d3c68b8face2f49c,068d4f4f66ca0bf92763789712f2120baed834df33ceb27398bbefd76c70a817,15746,1,,not declared in dataset card,verified,File SHA-256 verified locally.
huggingface,data/raw/huggingface/Kevin355_Who_and_When/Who&When/Algorithm-Generated/24.json,https://huggingface.co/datasets/Kevin355/Who_and_When,59b9fcba1aaed7bbf206b5f4d3c68b8face2f49c,7bcd94281e7816bf7ba087aaa16cd6595b9d7a965c7f815e0e0c22f1f5884518,17538,1,,not declared in dataset card,verified,File SHA-256 verified locally.
huggingface,data/raw/huggingface/Kevin355_Who_and_When/Who&When/Algorithm-Generated/25.json,https://huggingface.co/datasets/Kevin355/Who_and_When,59b9fcba1aaed7bbf206b5f4d3c68b8face2f49c,ce68263c4909552c380b568fe7ae2fddfce33ce8b4ae9c31afab118fe3a9a908,35571,1,,not declared in dataset card,verified,File SHA-256 verified locally.
huggingface,data/raw/huggingface/Kevin355_Who_and_When/Who&When/Algorithm-Generated/26.json,https://huggingface.co/datasets/Kevin355/Who_and_When,59b9fcba1aaed7bbf206b5f4d3c68b8face2f49c,3032ea6b981d011ebf31eaa67271e75ffbc440cfecf8d1643bb537d04340a054,23542,1,,not declared in dataset card,verified,File SHA-256 verified locally.
huggingface,data/raw/huggingface/Kevin355_Who_and_When/Who&When/Algorithm-Generated/27.json,https://huggingface.co/datasets/Kevin355/Who_and_When,59b9fcba1aaed7bbf206b5f4d3c68b8face2f49c,e10e7755bd342505b2a164d820182356a5d969bfcf1391a2c38d3d70bdb089f9,19300,1,,not declared in dataset card,verified,File SHA-256 verified locally.
huggingface,data/raw/huggingface/Kevin355_Who_and_When/Who&When/Algorithm-Generated/28.json,https://huggingface.co/datasets/Kevin355/Who_and_When,59b9fcba1aaed7bbf206b5f4d3c68b8face2f49c,b844862b1cc0e13d2fb0ed48dddfe4e05f1a9b8d53e06a673d3087ecd10e32d7,41865,1,,not declared in dataset card,verified,File SHA-256 verified locally.
huggingface,data/raw/huggingface/Kevin355_Who_and_When/Who&When/Algorithm-Generated/29.json,https://huggingface.co/datasets/Kevin355/Who_and_When,59b9fcba1aaed7bbf206b5f4d3c68b8face2f49c,368ee1db49c0fbf1a9810d87c30544635afd5a6a923a633adfef9a3f1aa47053,25043,1,,not declared in dataset card,verified,File SHA-256 verified locally.
huggingface,data/raw/huggingface/Kevin355_Who_and_When/Who&When/Algorithm-Generated/3.json,https://huggingface.co/datasets/Kevin355/Who_and_When,59b9fcba1aaed7bbf206b5f4d3c68b8face2f49c,d38b1283f55122b4fcaa4bed66ee383d1ff3bdb20a20a39825ab5f432fad21b1,22555,1,,not declared in dataset card,verified,File SHA-256 verified locally.
huggingface,data/raw/huggingface/Kevin355_Who_and_When/Who&When/Algorithm-Generated/30.json,https://huggingface.co/datasets/Kevin355/Who_and_When,59b9fcba1aaed7bbf206b5f4d3c68b8face2f49c,5525422bbab4da0109e3b78bcadd183d2a1743192928bcb2feb43abe5705514b,15232,1,,not declared in dataset card,verified,File SHA-256 verified locally.
huggingface,data/raw/huggingface/Kevin355_Who_and_When/Who&When/Algorithm-Generated/31.json,https://huggingface.co/datasets/Kevin355/Who_and_When,59b9fcba1aaed7bbf206b5f4d3c68b8face2f49c,0a258cf70f820a884b81345cbe56dc037911d81edcefb43b7a8171bb620965fc,19824,1,,not declared in dataset card,verified,File SHA-256 verified locally.
huggingface,data/raw/huggingface/Kevin355_Who_and_When/Who&When/Algorithm-Generated/32.json,https://huggingface.co/datasets/Kevin355/Who_and_When,59b9fcba1aaed7bbf206b5f4d3c68b8face2f49c,3834117c0ffa9c684756cfcaaeeb4ca94663bcf54ea9cd71760b05f07b167bfa,21344,1,,not declared in dataset card,verified,File SHA-256 verified locally.
huggingface,data/raw/huggingface/Kevin355_Who_and_When/Who&When/Algorithm-Generated/33.json,https://huggingface.co/datasets/Kevin355/Who_and_When,59b9fcba1aaed7bbf206b5f4d3c68b8face2f49c,e21526680d276a4a0ef015f1f521c361c783fa972a029f47a3e4e0a865cf199d,17884,1,,not declared in dataset card,verified,File SHA-256 verified locally.
huggingface,data/raw/huggingface/Kevin355_Who_and_When/Who&When/Algorithm-Generated/34.json,https://huggingface.co/datasets/Kevin355/Who_and_When,59b9fcba1aaed7bbf206b5f4d3c68b8face2f49c,9b7e4634b347787f6a8c46d55a9cfde504c5a542010ee32ee087848f3498857c,14400,1,,not declared in dataset card,verified,File SHA-256 verified locally.
huggingface,data/raw/huggingface/Kevin355_Who_and_When/Who&When/Algorithm-Generated/35.json,https://huggingface.co/datasets/Kevin355/Who_and_When,59b9fcba1aaed7bbf206b5f4d3c68b8face2f49c,394f0e6da99317e403ba6638757eaecee2cfc2f9fd75c5592e4a8a810182bcd5,57208,1,,not declared in dataset card,verified,File SHA-256 verified locally.
huggingface,data/raw/huggingface/Kevin355_Who_and_When/Who&When/Algorithm-Generated/36.json,https://huggingface.co/datasets/Kevin355/Who_and_When,59b9fcba1aaed7bbf206b5f4d3c68b8face2f49c,5682a2cfbf8d8b17db655ea702ae9357f83df934e20c37af36e764984893b2a1,19060,1,,not declared in dataset card,verified,File SHA-256 verified locally.
huggingface,data/raw/huggingface/Kevin355_Who_and_When/Who&When/Algorithm-Generated/37.json,https://huggingface.co/datasets/Kevin355/Who_and_When,59b9fcba1aaed7bbf206b5f4d3c68b8face2f49c,fdaab874179cddfba3679a5c5764fb11068a01abecbaa68d2ab97b2db839d8b8,17010,1,,not declared in dataset card,verified,File SHA-256 verified locally.
huggingface,data/raw/huggingface/Kevin355_Who_and_When/Who&When/Algorithm-Generated/38.json,https://huggingface.co/datasets/Kevin355/Who_and_When,59b9fcba1aaed7bbf206b5f4d3c68b8face2f49c,8b0365ea05b42004a34c3c3027a3c3900fae5b91ae0d5d8e6b5dcdce69463f2c,9691,1,,not declared in dataset card,verified,File SHA-256 verified locally.
huggingface,data/raw/huggingface/Kevin355_Who_and_When/Who&When/Algorithm-Generated/39.json,https://huggingface.co/datasets/Kevin355/Who_and_When,59b9fcba1aaed7bbf206b5f4d3c68b8face2f49c,c9d60d1ffa7db47a40df62b3d57191cfc71505d37f9170515608db25f7b1a06e,18318,1,,not declared in dataset card,verified,File SHA-256 verified locally.
huggingface,data/raw/huggingface/Kevin355_Who_and_When/Who&When/Algorithm-Generated/4.json,https://huggingface.co/datasets/Kevin355/Who_and_When,59b9fcba1aaed7bbf206b5f4d3c68b8face2f49c,9cab137dff33575bcb566132f86a47ccaa687b176823298e7f31ab1fbe4c8a8e,15510,1,,not declared in dataset card,verified,File SHA-256 verified locally.
huggingface,data/raw/huggingface/Kevin355_Who_and_When/Who&When/Algorithm-Generated/40.json,https://huggingface.co/datasets/Kevin355/Who_and_When,59b9fcba1aaed7bbf206b5f4d3c68b8face2f49c,d72d11c044822986d75fddb98c28d23eb0ff2ebacb6c98bad338f8f3353592e2,20827,1,,not declared in dataset card,verified,File SHA-256 verified locally.
huggingface,data/raw/huggingface/Kevin355_Who_and_When/Who&When/Algorithm-Generated/41.json,https://huggingface.co/datasets/Kevin355/Who_and_When,59b9fcba1aaed7bbf206b5f4d3c68b8face2f49c,cf8dd50e58df85f150de3cbc774461b09d829ab22a8dac29e8de8e02753abaf0,12382,1,,not declared in dataset card,verified,File SHA-256 verified locally.
huggingface,data/raw/huggingface/Kevin355_Who_and_When/Who&When/Algorithm-Generated/42.json,https://huggingface.co/datasets/Kevin355/Who_and_When,59b9fcba1aaed7bbf206b5f4d3c68b8face2f49c,ee569e85d2bc780c1f87e47890ff00f09e8c93bb378d87eabfadfb7cfe940921,14918,1,,not declared in dataset card,verified,File SHA-256 verified locally.
huggingface,data/raw/huggingface/Kevin355_Who_and_When/Who&When/Algorithm-Generated/43.json,https://huggingface.co/datasets/Kevin355/Who_and_When,59b9fcba1aaed7bbf206b5f4d3c68b8face2f49c,4cae5e3ef07176f3055d1ee962eca2bc739290f32b0518a4a379ce6ba304b441,14948,1,,not declared in dataset card,verified,File SHA-256 verified locally.
huggingface,data/raw/huggingface/Kevin355_Who_and_When/Who&When/Algorithm-Generated/44.json,https://huggingface.co/datasets/Kevin355/Who_and_When,59b9fcba1aaed7bbf206b5f4d3c68b8face2f49c,ab93ed30311b2cc183ad9521742cffc257fe28f26d071c721654590f1954a176,14579,1,,not declared in dataset card,verified,File SHA-256 verified locally.
huggingface,data/raw/huggingface/Kevin355_Who_and_When/Who&When/Algorithm-Generated/45.json,https://huggingface.co/datasets/Kevin355/Who_and_When,59b9fcba1aaed7bbf206b5f4d3c68b8face2f49c,a02b57c912a47377ce49515faf7128e200c597d26b567f9abf2b462b44803d27,14398,1,,not declared in dataset card,verified,File SHA-256 verified locally.
huggingface,data/raw/huggingface/Kevin355_Who_and_When/Who&When/Algorithm-Generated/46.json,https://huggingface.co/datasets/Kevin355/Who_and_When,59b9fcba1aaed7bbf206b5f4d3c68b8face2f49c,ef1a3e5d20a4057dda88f79427bd2503d288853f4d1efb9f4e60bd614ba74d55,19036,1,,not declared in dataset card,verified,File SHA-256 verified locally.
huggingface,data/raw/huggingface/Kevin355_Who_and_When/Who&When/Algorithm-Generated/47.json,https://huggingface.co/datasets/Kevin355/Who_and_When,59b9fcba1aaed7bbf206b5f4d3c68b8face2f49c,8639b02b16799098d04545c49b9dea0ed8efbdcf536cec062ec304480508f9ea,6535,1,,not declared in dataset card,verified,File SHA-256 verified locally.
huggingface,data/raw/huggingface/Kevin355_Who_and_When/Who&When/Algorithm-Generated/48.json,https://huggingface.co/datasets/Kevin355/Who_and_When,59b9fcba1aaed7bbf206b5f4d3c68b8face2f49c,41d6d80e239bd8609c46a13a52c19e94a419379b39520695d45643f59d70b98e,21342,1,,not declared in dataset card,verified,File SHA-256 verified locally.
huggingface,data/raw/huggingface/Kevin355_Who_and_When/Who&When/Algorithm-Generated/49.json,https://huggingface.co/datasets/Kevin355/Who_and_When,59b9fcba1aaed7bbf206b5f4d3c68b8face2f49c,931e9658f6f29a386d676b6f10cfc38eaac3dd3253670f1cd0ace5d2023ad5b6,22953,1,,not declared in dataset card,verified,File SHA-256 verified locally.
huggingface,data/raw/huggingface/Kevin355_Who_and_When/Who&When/Algorithm-Generated/5.json,https://huggingface.co/datasets/Kevin355/Who_and_When,59b9fcba1aaed7bbf206b5f4d3c68b8face2f49c,fb68b8b6ab7713be52a498f32ecbe3bbbabe19750ffd43a9647ce50f7b612340,13146,1,,not declared in dataset card,verified,File SHA-256 verified locally.
huggingface,data/raw/huggingface/Kevin355_Who_and_When/Who&When/Algorithm-Generated/50.json,https://huggingface.co/datasets/Kevin355/Who_and_When,59b9fcba1aaed7bbf206b5f4d3c68b8face2f49c,f82c10e1a7ca0c591e868539900781a73913c2dd56d0466b6f756df6bdfcaaae,14454,1,,not declared in dataset card,verified,File SHA-256 verified locally.
huggingface,data/raw/huggingface/Kevin355_Who_and_When/Who&When/Algorithm-Generated/51.json,https://huggingface.co/datasets/Kevin355/Who_and_When,59b9fcba1aaed7bbf206b5f4d3c68b8face2f49c,db517c0278a5bfc2ecea32e581d8e9889f81c66aaf9afd572dc6e2ff33e1e271,19761,1,,not declared in dataset card,verified,File SHA-256 verified locally.
huggingface,data/raw/huggingface/Kevin355_Who_and_When/Who&When/Algorithm-Generated/52.json,https://huggingface.co/datasets/Kevin355/Who_and_When,59b9fcba1aaed7bbf206b5f4d3c68b8face2f49c,74b138973eacb2c87eb4a3bc99b9578e2ef270ba64582d95e1dae7843ddbd6cd,18167,1,,not declared in dataset card,verified,File SHA-256 verified locally.
huggingface,data/raw/huggingface/Kevin355_Who_and_When/Who&When/Algorithm-Generated/53.json,https://huggingface.co/datasets/Kevin355/Who_and_When,59b9fcba1aaed7bbf206b5f4d3c68b8face2f49c,b1b7fbc428abec1fbe0c9c21e6192b97bb0c3d7f0fc3ee8fba29d5f105fefdd4,10269,1,,not declared in dataset card,verified,File SHA-256 verified locally.
huggingface,data/raw/huggingface/Kevin355_Who_and_When/Who&When/Algorithm-Generated/54.json,https://huggingface.co/datasets/Kevin355/Who_and_When,59b9fcba1aaed7bbf206b5f4d3c68b8face2f49c,a75019f0f93a0b978c00a415dcd23f3bfe566e3b05fd4e143f5aa0b1efc80900,15533,1,,not declared in dataset card,verified,File SHA-256 verified locally.
huggingface,data/raw/huggingface/Kevin355_Who_and_When/Who&When/Algorithm-Generated/55.json,https://huggingface.co/datasets/Kevin355/Who_and_When,59b9fcba1aaed7bbf206b5f4d3c68b8face2f49c,ca1a77cb15568c3d25b2c71b4e43bcaa2ea3b56e47f3325b4a9be58bde27a025,22508,1,,not declared in dataset card,verified,File SHA-256 verified locally.
huggingface,data/raw/huggingface/Kevin355_Who_and_When/Who&When/Algorithm-Generated/56.json,https://huggingface.co/datasets/Kevin355/Who_and_When,59b9fcba1aaed7bbf206b5f4d3c68b8face2f49c,865e4dbd5f34abb52531832b9d75a7c078dffb21839225936466b4e9c922a796,16741,1,,not declared in dataset card,verified,File SHA-256 verified locally.
huggingface,data/raw/huggingface/Kevin355_Who_and_When/Who&When/Algorithm-Generated/57.json,https://huggingface.co/datasets/Kevin355/Who_and_When,59b9fcba1aaed7bbf206b5f4d3c68b8face2f49c,b4f86329a7c89da9fc3f8c0ed46a493692e01d72f1f9622575dec8457f3b0fbb,20625,1,,not declared in dataset card,verified,File SHA-256 verified locally.
huggingface,data/raw/huggingface/Kevin355_Who_and_When/Who&When/Algorithm-Generated/58.json,https://huggingface.co/datasets/Kevin355/Who_and_When,59b9fcba1aaed7bbf206b5f4d3c68b8face2f49c,29a7163a1861cb6b12986182a6060253f27b99741f2b6dc66efce7e121ed48a7,13839,1,,not declared in dataset card,verified,File SHA-256 verified locally.
huggingface,data/raw/huggingface/Kevin355_Who_and_When/Who&When/Algorithm-Generated/59.json,https://huggingface.co/datasets/Kevin355/Who_and_When,59b9fcba1aaed7bbf206b5f4d3c68b8face2f49c,2f11c40e32933cc111581fbff586c72a264cdaee2652438f2c88be267953b8ca,27682,1,,not declared in dataset card,verified,File SHA-256 verified locally.
huggingface,data/raw/huggingface/Kevin355_Who_and_When/Who&When/Algorithm-Generated/6.json,https://huggingface.co/datasets/Kevin355/Who_and_When,59b9fcba1aaed7bbf206b5f4d3c68b8face2f49c,e5052ce70b0f52653218d055bb239227fb3ab79b00b43b5db17574ce2c9b035a,21122,1,,not declared in dataset card,verified,File SHA-256 verified locally.
huggingface,data/raw/huggingface/Kevin355_Who_and_When/Who&When/Algorithm-Generated/60.json,https://huggingface.co/datasets/Kevin355/Who_and_When,59b9fcba1aaed7bbf206b5f4d3c68b8face2f49c,8ac044b16d58e883de5c0147ebe9bdcdbbf046b14124e473d491b770bae3efcf,18914,1,,not declared in dataset card,verified,File SHA-256 verified locally.
huggingface,data/raw/huggingface/Kevin355_Who_and_When/Who&When/Algorithm-Generated/61.json,https://huggingface.co/datasets/Kevin355/Who_and_When,59b9fcba1aaed7bbf206b5f4d3c68b8face2f49c,ab3f72821e10045d4b93511bca7804fa6dcabde0084ebc1eb2f4aa5aa553155c,16810,1,,not declared in dataset card,verified,File SHA-256 verified locally.
huggingface,data/raw/huggingface/Kevin355_Who_and_When/Who&When/Algorithm-Generated/62.json,https://huggingface.co/datasets/Kevin355/Who_and_When,59b9fcba1aaed7bbf206b5f4d3c68b8face2f49c,7321ecb270d21b21d7f291513160fb11843361786c2c2e55952cb639d1337a23,12365,1,,not declared in dataset card,verified,File SHA-256 verified locally.
huggingface,data/raw/huggingface/Kevin355_Who_and_When/Who&When/Algorithm-Generated/63.json,https://huggingface.co/datasets/Kevin355/Who_and_When,59b9fcba1aaed7bbf206b5f4d3c68b8face2f49c,93b9cc4352db7fc7b3c805878082c73fab216b63b2f3ec391fe4392af1535e43,18646,1,,not declared in dataset card,verified,File SHA-256 verified locally.
huggingface,data/raw/huggingface/Kevin355_Who_and_When/Who&When/Algorithm-Generated/64.json,https://huggingface.co/datasets/Kevin355/Who_and_When,59b9fcba1aaed7bbf206b5f4d3c68b8face2f49c,84708abfcf1fb098b1ce5c4bf26c8ca30bdf7164ce5f5972ce780252353f1a7c,36523,1,,not declared in dataset card,verified,File SHA-256 verified locally.
huggingface,data/raw/huggingface/Kevin355_Who_and_When/Who&When/Algorithm-Generated/65.json,https://huggingface.co/datasets/Kevin355/Who_and_When,59b9fcba1aaed7bbf206b5f4d3c68b8face2f49c,7a362826dadffebb34d5fcc75f8755c4aa28eec5bddee2aa8b2830984bb634f9,10622,1,,not declared in dataset card,verified,File SHA-256 verified locally.
huggingface,data/raw/huggingface/Kevin355_Who_and_When/Who&When/Algorithm-Generated/66.json,https://huggingface.co/datasets/Kevin355/Who_and_When,59b9fcba1aaed7bbf206b5f4d3c68b8face2f49c,51869e6d8d433175939c50b0643452751f3faa1a8910e425241def94416a87d3,10530,1,,not declared in dataset card,verified,File SHA-256 verified locally.
huggingface,data/raw/huggingface/Kevin355_Who_and_When/Who&When/Algorithm-Generated/67.json,https://huggingface.co/datasets/Kevin355/Who_and_When,59b9fcba1aaed7bbf206b5f4d3c68b8face2f49c,ab709ff7e844cf7d5bdabf47677384f3aa48e09de61adc6d93b9c65009e499c1,20363,1,,not declared in dataset card,verified,File SHA-256 verified locally.
huggingface,data/raw/huggingface/Kevin355_Who_and_When/Who&When/Algorithm-Generated/68.json,https://huggingface.co/datasets/Kevin355/Who_and_When,59b9fcba1aaed7bbf206b5f4d3c68b8face2f49c,2f06f8ba15e31d50870fde32af42472276732b13c86b272fd4b9d651a78648b5,12027,1,,not declared in dataset card,verified,File SHA-256 verified locally.
huggingface,data/raw/huggingface/Kevin355_Who_and_When/Who&When/Algorithm-Generated/69.json,https://huggingface.co/datasets/Kevin355/Who_and_When,59b9fcba1aaed7bbf206b5f4d3c68b8face2f49c,0cce09155dcec17e15517e72231424f60ad44f2f59c5ba8e63a62f87d795fb8b,12351,1,,not declared in dataset card,verified,File SHA-256 verified locally.
huggingface,data/raw/huggingface/Kevin355_Who_and_When/Who&When/Algorithm-Generated/7.json,https://huggingface.co/datasets/Kevin355/Who_and_When,59b9fcba1aaed7bbf206b5f4d3c68b8face2f49c,bc71249fe858296bd5d70e7c768649d84477965eeca3ebb618c78448eda35075,15524,1,,not declared in dataset card,verified,File SHA-256 verified locally.
huggingface,data/raw/huggingface/Kevin355_Who_and_When/Who&When/Algorithm-Generated/70.json,https://huggingface.co/datasets/Kevin355/Who_and_When,59b9fcba1aaed7bbf206b5f4d3c68b8face2f49c,f45034ff75b89b55c3d63d2bd09a173a7c2ca098853f58d45d5612d2ba5228fb,15519,1,,not declared in dataset card,verified,File SHA-256 verified locally.
huggingface,data/raw/huggingface/Kevin355_Who_and_When/Who&When/Algorithm-Generated/71.json,https://huggingface.co/datasets/Kevin355/Who_and_When,59b9fcba1aaed7bbf206b5f4d3c68b8face2f49c,bcf034ff61dad67d2166a0244f4953ede93e1b12c4e0a78bdbf639aa0f260b2c,18385,1,,not declared in dataset card,verified,File SHA-256 verified locally.
huggingface,data/raw/huggingface/Kevin355_Who_and_When/Who&When/Algorithm-Generated/72.json,https://huggingface.co/datasets/Kevin355/Who_and_When,59b9fcba1aaed7bbf206b5f4d3c68b8face2f49c,2bf52ed87565cc13c26ef07ef230ee470e2f406366e4ffefeafd2a7eaa4a052a,13895,1,,not declared in dataset card,verified,File SHA-256 verified locally.
huggingface,data/raw/huggingface/Kevin355_Who_and_When/Who&When/Algorithm-Generated/73.json,https://huggingface.co/datasets/Kevin355/Who_and_When,59b9fcba1aaed7bbf206b5f4d3c68b8face2f49c,8528dcb02812759a6bd79676beda81e487bcdc89113d29e76f275eda2aa136a5,12799,1,,not declared in dataset card,verified,File SHA-256 verified locally.
huggingface,data/raw/huggingface/Kevin355_Who_and_When/Who&When/Algorithm-Generated/74.json,https://huggingface.co/datasets/Kevin355/Who_and_When,59b9fcba1aaed7bbf206b5f4d3c68b8face2f49c,1f9844f6710bcc1b2ecba4afb811540c29c2c4eb73dc005014b53ec04031d695,12941,1,,not declared in dataset card,verified,File SHA-256 verified locally.
huggingface,data/raw/huggingface/Kevin355_Who_and_When/Who&When/Algorithm-Generated/75.json,https://huggingface.co/datasets/Kevin355/Who_and_When,59b9fcba1aaed7bbf206b5f4d3c68b8face2f49c,c6659779b88c2eeb6ca5de6cac1c16bfa6c9d289206a8fe2ef15fcd1ee013914,17023,1,,not declared in dataset card,verified,File SHA-256 verified locally.
huggingface,data/raw/huggingface/Kevin355_Who_and_When/Who&When/Algorithm-Generated/76.json,https://huggingface.co/datasets/Kevin355/Who_and_When,59b9fcba1aaed7bbf206b5f4d3c68b8face2f49c,46ec5a45051ed0fb931dad67347c08d0806e5dafd3b676502216a2768dcac785,15780,1,,not declared in dataset card,verified,File SHA-256 verified locally.
huggingface,data/raw/huggingface/Kevin355_Who_and_When/Who&When/Algorithm-Generated/77.json,https://huggingface.co/datasets/Kevin355/Who_and_When,59b9fcba1aaed7bbf206b5f4d3c68b8face2f49c,f03556b2099ae6c9aaaa0f066756438c9f6f462f9e6e08a1e63660d95919ef77,22480,1,,not declared in dataset card,verified,File SHA-256 verified locally.
huggingface,data/raw/huggingface/Kevin355_Who_and_When/Who&When/Algorithm-Generated/78.json,https://huggingface.co/datasets/Kevin355/Who_and_When,59b9fcba1aaed7bbf206b5f4d3c68b8face2f49c,add5e71e8163616b5d031fb88cc31549c5375ab64768ae1535ad0ebd0a9b141c,13295,1,,not declared in dataset card,verified,File SHA-256 verified locally.
huggingface,data/raw/huggingface/Kevin355_Who_and_When/Who&When/Algorithm-Generated/79.json,https://huggingface.co/datasets/Kevin355/Who_and_When,59b9fcba1aaed7bbf206b5f4d3c68b8face2f49c,1b4b99da9193a81acf4a2ee1ec0e7af661a323c1365b95c73305b7f9e073a874,21465,1,,not declared in dataset card,verified,File SHA-256 verified locally.
huggingface,data/raw/huggingface/Kevin355_Who_and_When/Who&When/Algorithm-Generated/8.json,https://huggingface.co/datasets/Kevin355/Who_and_When,59b9fcba1aaed7bbf206b5f4d3c68b8face2f49c,338fcb38860b57d4570a4a6baa20fffc4a2bd4cb2b03c888b0bbeb03434f9bea,25904,1,,not declared in dataset card,verified,File SHA-256 verified locally.
huggingface,data/raw/huggingface/Kevin355_Who_and_When/Who&When/Algorithm-Generated/80.json,https://huggingface.co/datasets/Kevin355/Who_and_When,59b9fcba1aaed7bbf206b5f4d3c68b8face2f49c,b10dc7612070219fbf438ea4092527df37f1a665379b5387fc3b9b93dea0ae59,125449,1,,not declared in dataset card,verified,File SHA-256 verified locally.
huggingface,data/raw/huggingface/Kevin355_Who_and_When/Who&When/Algorithm-Generated/81.json,https://huggingface.co/datasets/Kevin355/Who_and_When,59b9fcba1aaed7bbf206b5f4d3c68b8face2f49c,4c48ea31f10aa0c774c4a18dfb251d9af5f358ecbfbc5ae7a8c497ea9d2e500c,10217,1,,not declared in dataset card,verified,File SHA-256 verified locally.
huggingface,data/raw/huggingface/Kevin355_Who_and_When/Who&When/Algorithm-Generated/82.json,https://huggingface.co/datasets/Kevin355/Who_and_When,59b9fcba1aaed7bbf206b5f4d3c68b8face2f49c,4c211cca84d8d349c622eb329b18861c0690d58bbfde455d9b7b5d6aea576f48,17230,1,,not declared in dataset card,verified,File SHA-256 verified locally.
huggingface,data/raw/huggingface/Kevin355_Who_and_When/Who&When/Algorithm-Generated/83.json,https://huggingface.co/datasets/Kevin355/Who_and_When,59b9fcba1aaed7bbf206b5f4d3c68b8face2f49c,ace8b5e91381796754b23f26c73153d68fed5f3f6634bb853ba2b3da53fb7afc,21552,1,,not declared in dataset card,verified,File SHA-256 verified locally.
huggingface,data/raw/huggingface/Kevin355_Who_and_When/Who&When/Algorithm-Generated/84.json,https://huggingface.co/datasets/Kevin355/Who_and_When,59b9fcba1aaed7bbf206b5f4d3c68b8face2f49c,fe7b56e4e241b51d6d4599b0562464f718cd6745974453de934fc58532755c0a,10164,1,,not declared in dataset card,verified,File SHA-256 verified locally.
huggingface,data/raw/huggingface/Kevin355_Who_and_When/Who&When/Algorithm-Generated/85.json,https://huggingface.co/datasets/Kevin355/Who_and_When,59b9fcba1aaed7bbf206b5f4d3c68b8face2f49c,9f371df83bf7fcdcdb38724bae0cc8e79f8ab72065dbfc9fda5e5ae82ad493d2,27281,1,,not declared in dataset card,verified,File SHA-256 verified locally.
huggingface,data/raw/huggingface/Kevin355_Who_and_When/Who&When/Algorithm-Generated/86.json,https://huggingface.co/datasets/Kevin355/Who_and_When,59b9fcba1aaed7bbf206b5f4d3c68b8face2f49c,8500ff8defb17a0a19197b402514c080a9fa49a9c6117c4dafe13961fd612d01,24080,1,,not declared in dataset card,verified,File SHA-256 verified locally.
huggingface,data/raw/huggingface/Kevin355_Who_and_When/Who&When/Algorithm-Generated/87.json,https://huggingface.co/datasets/Kevin355/Who_and_When,59b9fcba1aaed7bbf206b5f4d3c68b8face2f49c,4717b7e7f17865421011052e946e32485a2f6c25010abc16ae3c8bdfe0e99ec8,13830,1,,not declared in dataset card,verified,File SHA-256 verified locally.
huggingface,data/raw/huggingface/Kevin355_Who_and_When/Who&When/Algorithm-Generated/88.json,https://huggingface.co/datasets/Kevin355/Who_and_When,59b9fcba1aaed7bbf206b5f4d3c68b8face2f49c,0f99b865eb8b2e485aa05becc01bc1470ff9680d673df3c895cd67d145765dd8,19867,1,,not declared in dataset card,verified,File SHA-256 verified locally.
huggingface,data/raw/huggingface/Kevin355_Who_and_When/Who&When/Algorithm-Generated/89.json,https://huggingface.co/datasets/Kevin355/Who_and_When,59b9fcba1aaed7bbf206b5f4d3c68b8face2f49c,51c74ef77a55008c39fc6576840a3f2d4d213a71694e516dac6dc33920d5d5a5,20652,1,,not declared in dataset card,verified,File SHA-256 verified locally.
huggingface,data/raw/huggingface/Kevin355_Who_and_When/Who&When/Algorithm-Generated/9.json,https://huggingface.co/datasets/Kevin355/Who_and_When,59b9fcba1aaed7bbf206b5f4d3c68b8face2f49c,b708dd5ae2b49b6ae5c786e50a2984d85c9c1f188e8d3cbea3a559c961d27d81,18597,1,,not declared in dataset card,verified,File SHA-256 verified locally.
huggingface,data/raw/huggingface/Kevin355_Who_and_When/Who&When/Algorithm-Generated/90.json,https://huggingface.co/datasets/Kevin355/Who_and_When,59b9fcba1aaed7bbf206b5f4d3c68b8face2f49c,de93b7c835153f8653a47a87d254cfdaea93da72ae9cfe678a6c75b68bcd50ea,15559,1,,not declared in dataset card,verified,File SHA-256 verified locally.
huggingface,data/raw/huggingface/Kevin355_Who_and_When/Who&When/Algorithm-Generated/91.json,https://huggingface.co/datasets/Kevin355/Who_and_When,59b9fcba1aaed7bbf206b5f4d3c68b8face2f49c,24e8fb0d6b17dbba9fad464ae8e356fba736446aad55cadf702fefbf48ec065c,17283,1,,not declared in dataset card,verified,File SHA-256 verified locally.
huggingface,data/raw/huggingface/Kevin355_Who_and_When/Who&When/Algorithm-Generated/92.json,https://huggingface.co/datasets/Kevin355/Who_and_When,59b9fcba1aaed7bbf206b5f4d3c68b8face2f49c,7a8b37e735e9ab7a83595a31c026b585cd1ef4f0d59141b78ac46a9f1e50b116,16676,1,,not declared in dataset card,verified,File SHA-256 verified locally.
huggingface,data/raw/huggingface/Kevin355_Who_and_When/Who&When/Algorithm-Generated/93.json,https://huggingface.co/datasets/Kevin355/Who_and_When,59b9fcba1aaed7bbf206b5f4d3c68b8face2f49c,ae423382bf9684839ada0244b3633f8110af83bc7f87ad33c012b7451c1fa10e,7640,1,,not declared in dataset card,verified,File SHA-256 verified locally.
huggingface,data/raw/huggingface/Kevin355_Who_and_When/Who&When/Algorithm-Generated/94.json,https://huggingface.co/datasets/Kevin355/Who_and_When,59b9fcba1aaed7bbf206b5f4d3c68b8face2f49c,2e0f50030a3a465e84240111a68fa989bfec79e3bb6310b089ff29bf3aa27fbe,13881,1,,not declared in dataset card,verified,File SHA-256 verified locally.
huggingface,data/raw/huggingface/Kevin355_Who_and_When/Who&When/Algorithm-Generated/95.json,https://huggingface.co/datasets/Kevin355/Who_and_When,59b9fcba1aaed7bbf206b5f4d3c68b8face2f49c,e8a06bd11739f5a0d2ff5eedd6e734b63db171523e901850631bbda17e05e2a0,28055,1,,not declared in dataset card,verified,File SHA-256 verified locally.
huggingface,data/raw/huggingface/Kevin355_Who_and_When/Who&When/Algorithm-Generated/96.json,https://huggingface.co/datasets/Kevin355/Who_and_When,59b9fcba1aaed7bbf206b5f4d3c68b8face2f49c,a7e79953bd1c648741bb780018f04d7cc3e49efca357b2ddf1170f8059a0f416,11737,1,,not declared in dataset card,verified,File SHA-256 verified locally.
huggingface,data/raw/huggingface/Kevin355_Who_and_When/Who&When/Algorithm-Generated/97.json,https://huggingface.co/datasets/Kevin355/Who_and_When,59b9fcba1aaed7bbf206b5f4d3c68b8face2f49c,0347ab1de147a4c6efba395dcc00b0de6ec52306a7628827a37e87a44f754d5e,10727,1,,not declared in dataset card,verified,File SHA-256 verified locally.
huggingface,data/raw/huggingface/Kevin355_Who_and_When/Who&When/Algorithm-Generated/98.json,https://huggingface.co/datasets/Kevin355/Who_and_When,59b9fcba1aaed7bbf206b5f4d3c68b8face2f49c,9da310439b4cba8028b443443224b06961047599d427eb926f7f4fc1e295f66c,23482,1,,not declared in dataset card,verified,File SHA-256 verified locally.
huggingface,data/raw/huggingface/Kevin355_Who_and_When/Who&When/Algorithm-Generated/99.json,https://huggingface.co/datasets/Kevin355/Who_and_When,59b9fcba1aaed7bbf206b5f4d3c68b8face2f49c,b44459a5a6f00a3224b62601d58f77bf718ead5fea796af13d5b8d10ebac9208,18138,1,,not declared in dataset card,verified,File SHA-256 verified locally.
huggingface,data/raw/huggingface/Kevin355_Who_and_When/Who&When/Hand-Crafted/1.json,https://huggingface.co/datasets/Kevin355/Who_and_When,59b9fcba1aaed7bbf206b5f4d3c68b8face2f49c,ceb4cad005df8f45b779e4cc12ff943252e3574443e2f69ba4128c9255ed2df7,34159,1,,not declared in dataset card,verified,File SHA-256 verified locally.
huggingface,data/raw/huggingface/Kevin355_Who_and_When/Who&When/Hand-Crafted/10.json,https://huggingface.co/datasets/Kevin355/Who_and_When,59b9fcba1aaed7bbf206b5f4d3c68b8face2f49c,b5c7009ab7e9cb15925070883ec68d6bd42ddbc41741c9e20e4c56c72c67df3f,62173,1,,not declared in dataset card,verified,File SHA-256 verified locally.
huggingface,data/raw/huggingface/Kevin355_Who_and_When/Who&When/Hand-Crafted/11.json,https://huggingface.co/datasets/Kevin355/Who_and_When,59b9fcba1aaed7bbf206b5f4d3c68b8face2f49c,22bdad57c2597b538d2ed25e2d14801336026cadadbd9426cf3b55216a0f5b90,124500,1,,not declared in dataset card,verified,File SHA-256 verified locally.
huggingface,data/raw/huggingface/Kevin355_Who_and_When/Who&When/Hand-Crafted/12.json,https://huggingface.co/datasets/Kevin355/Who_and_When,59b9fcba1aaed7bbf206b5f4d3c68b8face2f49c,3ba54b1f6424d641fa7c945e9b933d61b4134a2551ecd456d6d48477401573ec,22091,1,,not declared in dataset card,verified,File SHA-256 verified locally.
huggingface,data/raw/huggingface/Kevin355_Who_and_When/Who&When/Hand-Crafted/13.json,https://huggingface.co/datasets/Kevin355/Who_and_When,59b9fcba1aaed7bbf206b5f4d3c68b8face2f49c,86e0b8f56b7a984771535f7f91464738a635a1b0e7c4113c23bdd4edba0abc0d,59559,1,,not declared in dataset card,verified,File SHA-256 verified locally.
huggingface,data/raw/huggingface/Kevin355_Who_and_When/Who&When/Hand-Crafted/14.json,https://huggingface.co/datasets/Kevin355/Who_and_When,59b9fcba1aaed7bbf206b5f4d3c68b8face2f49c,fcb8c4a827cddc577552eba4233a9424eb759cb51718ca41bbc7099f7290bab2,66471,1,,not declared in dataset card,verified,File SHA-256 verified locally.
huggingface,data/raw/huggingface/Kevin355_Who_and_When/Who&When/Hand-Crafted/15.json,https://huggingface.co/datasets/Kevin355/Who_and_When,59b9fcba1aaed7bbf206b5f4d3c68b8face2f49c,7f62b3482cee5a708d3e79b975b53bdaa54d5a404ffb169b2d69a95568eb07e8,162654,1,,not declared in dataset card,verified,File SHA-256 verified locally.
huggingface,data/raw/huggingface/Kevin355_Who_and_When/Who&When/Hand-Crafted/16.json,https://huggingface.co/datasets/Kevin355/Who_and_When,59b9fcba1aaed7bbf206b5f4d3c68b8face2f49c,26e70c41cb5c7fd5f98cb1fb3ad887ff5b5e573d9a4588ab564ca0d4a26a333b,34677,1,,not declared in dataset card,verified,File SHA-256 verified locally.
huggingface,data/raw/huggingface/Kevin355_Who_and_When/Who&When/Hand-Crafted/17.json,https://huggingface.co/datasets/Kevin355/Who_and_When,59b9fcba1aaed7bbf206b5f4d3c68b8face2f49c,5c339f3d40df3768d42e343b6a89ca429be4d317419ecf4c0ad9abb8510bc367,53143,1,,not declared in dataset card,verified,File SHA-256 verified locally.
huggingface,data/raw/huggingface/Kevin355_Who_and_When/Who&When/Hand-Crafted/18.json,https://huggingface.co/datasets/Kevin355/Who_and_When,59b9fcba1aaed7bbf206b5f4d3c68b8face2f49c,0dc7cbf7af7941efb936a34952b4c833765128d4ad8d8cdc22d60175430d0f06,44675,1,,not declared in dataset card,verified,File SHA-256 verified locally.
huggingface,data/raw/huggingface/Kevin355_Who_and_When/Who&When/Hand-Crafted/19.json,https://huggingface.co/datasets/Kevin355/Who_and_When,59b9fcba1aaed7bbf206b5f4d3c68b8face2f49c,7a49375c4bf8b5919e7610766ed31a35b930f52fefaa7bfdcdaf0582dc5951a3,98226,1,,not declared in dataset card,verified,File SHA-256 verified locally.
huggingface,data/raw/huggingface/Kevin355_Who_and_When/Who&When/Hand-Crafted/2.json,https://huggingface.co/datasets/Kevin355/Who_and_When,59b9fcba1aaed7bbf206b5f4d3c68b8face2f49c,881fc45ec14bb2096feb4978e914a915c6e3d56661dcb1f8509a5c5d0a1980f3,103050,1,,not declared in dataset card,verified,File SHA-256 verified locally.
huggingface,data/raw/huggingface/Kevin355_Who_and_When/Who&When/Hand-Crafted/20.json,https://huggingface.co/datasets/Kevin355/Who_and_When,59b9fcba1aaed7bbf206b5f4d3c68b8face2f49c,c0d3511fe0ba6d2897518fdde82fc6ceed63c1c861fa2af2f273b5d48c728ad2,135887,1,,not declared in dataset card,verified,File SHA-256 verified locally.
huggingface,data/raw/huggingface/Kevin355_Who_and_When/Who&When/Hand-Crafted/21.json,https://huggingface.co/datasets/Kevin355/Who_and_When,59b9fcba1aaed7bbf206b5f4d3c68b8face2f49c,d235cb1501a4f0588db1e9b25417dcae3577c805f3d4f679b59ca7596c496c70,35766,1,,not declared in dataset card,verified,File SHA-256 verified locally.
huggingface,data/raw/huggingface/Kevin355_Who_and_When/Who&When/Hand-Crafted/22.json,https://huggingface.co/datasets/Kevin355/Who_and_When,59b9fcba1aaed7bbf206b5f4d3c68b8face2f49c,bd00aead9e890b91a47a7bb15a95cd62272669456744b4df321fb13964ee2850,30407,1,,not declared in dataset card,verified,File SHA-256 verified locally.
huggingface,data/raw/huggingface/Kevin355_Who_and_When/Who&When/Hand-Crafted/23.json,https://huggingface.co/datasets/Kevin355/Who_and_When,59b9fcba1aaed7bbf206b5f4d3c68b8face2f49c,74ca36da8cebedd15cf1cb55e9d313a309554710403487d584b4e1f54f7a64b3,87566,1,,not declared in dataset card,verified,File SHA-256 verified locally.
huggingface,data/raw/huggingface/Kevin355_Who_and_When/Who&When/Hand-Crafted/24.json,https://huggingface.co/datasets/Kevin355/Who_and_When,59b9fcba1aaed7bbf206b5f4d3c68b8face2f49c,29fc6d40c3ee9382df27ae17a6a6b0804eb2b734224391a2627597057201f94b,7466,1,,not declared in dataset card,verified,File SHA-256 verified locally.
huggingface,data/raw/huggingface/Kevin355_Who_and_When/Who&When/Hand-Crafted/25.json,https://huggingface.co/datasets/Kevin355/Who_and_When,59b9fcba1aaed7bbf206b5f4d3c68b8face2f49c,a3102bab13620ee2cca9be7d0cfbcaecceb75510268bd485a0411f5f2cafcbe9,29667,1,,not declared in dataset card,verified,File SHA-256 verified locally.
huggingface,data/raw/huggingface/Kevin355_Who_and_When/Who&When/Hand-Crafted/26.json,https://huggingface.co/datasets/Kevin355/Who_and_When,59b9fcba1aaed7bbf206b5f4d3c68b8face2f49c,65ccb0769bc0ac1b7138a916371a01883580922279b9f0e03792c1324de66de9,32148,1,,not declared in dataset card,verified,File SHA-256 verified locally.
huggingface,data/raw/huggingface/Kevin355_Who_and_When/Who&When/Hand-Crafted/27.json,https://huggingface.co/datasets/Kevin355/Who_and_When,59b9fcba1aaed7bbf206b5f4d3c68b8face2f49c,058530f846e23b5ec0c405c4cd8b0d3fa464197d78c2ee59b6796ae89a45a596,67074,1,,not declared in dataset card,verified,File SHA-256 verified locally.
huggingface,data/raw/huggingface/Kevin355_Who_and_When/Who&When/Hand-Crafted/28.json,https://huggingface.co/datasets/Kevin355/Who_and_When,59b9fcba1aaed7bbf206b5f4d3c68b8face2f49c,28ef1284621e97a962363af1a38984f02f7d4d515d3fddc63716cdfa6c06d43d,39940,1,,not declared in dataset card,verified,File SHA-256 verified locally.
huggingface,data/raw/huggingface/Kevin355_Who_and_When/Who&When/Hand-Crafted/29.json,https://huggingface.co/datasets/Kevin355/Who_and_When,59b9fcba1aaed7bbf206b5f4d3c68b8face2f49c,8de011c28ce106f289f1d787eb2d6a0f03d8e0ea9a89e09271f14922ef07e35f,22711,1,,not declared in dataset card,verified,File SHA-256 verified locally.
huggingface,data/raw/huggingface/Kevin355_Who_and_When/Who&When/Hand-Crafted/3.json,https://huggingface.co/datasets/Kevin355/Who_and_When,59b9fcba1aaed7bbf206b5f4d3c68b8face2f49c,6f87fd42ccde184be827f7e9e32840eeaf9e2fbbbded35ddff6f3ee9cf759df7,119065,1,,not declared in dataset card,verified,File SHA-256 verified locally.
huggingface,data/raw/huggingface/Kevin355_Who_and_When/Who&When/Hand-Crafted/30.json,https://huggingface.co/datasets/Kevin355/Who_and_When,59b9fcba1aaed7bbf206b5f4d3c68b8face2f49c,5c642fb38d5671d4c9ca93ea9c0c941a26cd518caf0446b464137b5e21683a80,334897,1,,not declared in dataset card,verified,File SHA-256 verified locally.
huggingface,data/raw/huggingface/Kevin355_Who_and_When/Who&When/Hand-Crafted/31.json,https://huggingface.co/datasets/Kevin355/Who_and_When,59b9fcba1aaed7bbf206b5f4d3c68b8face2f49c,d75ca5e69dc7e2bf20b9d30739c7a8571359479c67685018b9ed72f26d92b47c,34607,1,,not declared in dataset card,verified,File SHA-256 verified locally.
huggingface,data/raw/huggingface/Kevin355_Who_and_When/Who&When/Hand-Crafted/32.json,https://huggingface.co/datasets/Kevin355/Who_and_When,59b9fcba1aaed7bbf206b5f4d3c68b8face2f49c,f808b11760fe5e94f03ab86c3608658a8ff18aeadfdf8b6c4eba150216eb4162,16036,1,,not declared in dataset card,verified,File SHA-256 verified locally.
huggingface,data/raw/huggingface/Kevin355_Who_and_When/Who&When/Hand-Crafted/33.json,https://huggingface.co/datasets/Kevin355/Who_and_When,59b9fcba1aaed7bbf206b5f4d3c68b8face2f49c,bb5139b4eee64d156ed777f697ce5d70a528888083a627fd1f8a70ab47c0584a,16851,1,,not declared in dataset card,verified,File SHA-256 verified locally.
huggingface,data/raw/huggingface/Kevin355_Who_and_When/Who&When/Hand-Crafted/34.json,https://huggingface.co/datasets/Kevin355/Who_and_When,59b9fcba1aaed7bbf206b5f4d3c68b8face2f49c,a126af26ef807c87a780782e209eb798fd9c1b99e8517b03a813f7dd49273dee,14943,1,,not declared in dataset card,verified,File SHA-256 verified locally.
huggingface,data/raw/huggingface/Kevin355_Who_and_When/Who&When/Hand-Crafted/35.json,https://huggingface.co/datasets/Kevin355/Who_and_When,59b9fcba1aaed7bbf206b5f4d3c68b8face2f49c,cd89955f5ba6fdedf064dceb3195710df2906aa80068a3de61ed45fa74574cde,54379,1,,not declared in dataset card,verified,File SHA-256 verified locally.
huggingface,data/raw/huggingface/Kevin355_Who_and_When/Who&When/Hand-Crafted/36.json,https://huggingface.co/datasets/Kevin355/Who_and_When,59b9fcba1aaed7bbf206b5f4d3c68b8face2f49c,47effa3c98fb6b795fa7f82a45819a36afed49aa86265956008dc9c21f6ee552,137450,1,,not declared in dataset card,verified,File SHA-256 verified locally.
huggingface,data/raw/huggingface/Kevin355_Who_and_When/Who&When/Hand-Crafted/37.json,https://huggingface.co/datasets/Kevin355/Who_and_When,59b9fcba1aaed7bbf206b5f4d3c68b8face2f49c,bf8b42e3841aa64e048d507da4701d2a14c4a15c9bbd11b76f4877cc442dc19e,69885,1,,not declared in dataset card,verified,File SHA-256 verified locally.
huggingface,data/raw/huggingface/Kevin355_Who_and_When/Who&When/Hand-Crafted/38.json,https://huggingface.co/datasets/Kevin355/Who_and_When,59b9fcba1aaed7bbf206b5f4d3c68b8face2f49c,faa3c864da861de6372cbd6b518e2d937e56071f90daa2303fe02d04e168fd89,105012,1,,not declared in dataset card,verified,File SHA-256 verified locally.
huggingface,data/raw/huggingface/Kevin355_Who_and_When/Who&When/Hand-Crafted/39.json,https://huggingface.co/datasets/Kevin355/Who_and_When,59b9fcba1aaed7bbf206b5f4d3c68b8face2f49c,43cd220dbe22500793a1915585717925c290817cb31c01390cc1c943ca113203,61984,1,,not declared in dataset card,verified,File SHA-256 verified locally.
huggingface,data/raw/huggingface/Kevin355_Who_and_When/Who&When/Hand-Crafted/4.json,https://huggingface.co/datasets/Kevin355/Who_and_When,59b9fcba1aaed7bbf206b5f4d3c68b8face2f49c,b8d7cabd4ca42ae93671c16ac1cdbabc40baef9f9f6282d742f9db691d241025,25224,1,,not declared in dataset card,verified,File SHA-256 verified locally.
huggingface,data/raw/huggingface/Kevin355_Who_and_When/Who&When/Hand-Crafted/40.json,https://huggingface.co/datasets/Kevin355/Who_and_When,59b9fcba1aaed7bbf206b5f4d3c68b8face2f49c,440354e35c68ee5ac4d3558a64f434439c58984e4cd8286360292ceb8a9e4098,32369,1,,not declared in dataset card,verified,File SHA-256 verified locally.
huggingface,data/raw/huggingface/Kevin355_Who_and_When/Who&When/Hand-Crafted/41.json,https://huggingface.co/datasets/Kevin355/Who_and_When,59b9fcba1aaed7bbf206b5f4d3c68b8face2f49c,eae90c3e10eb5026706e9895ff09b17e7516d8b267a697bf09e929a6fe107af5,110109,1,,not declared in dataset card,verified,File SHA-256 verified locally.
huggingface,data/raw/huggingface/Kevin355_Who_and_When/Who&When/Hand-Crafted/42.json,https://huggingface.co/datasets/Kevin355/Who_and_When,59b9fcba1aaed7bbf206b5f4d3c68b8face2f49c,8adefa3278db8c6e859f6ac97b0d01f22cef3217b079648ef1a7e5ec49e7f686,48246,1,,not declared in dataset card,verified,File SHA-256 verified locally.
huggingface,data/raw/huggingface/Kevin355_Who_and_When/Who&When/Hand-Crafted/43.json,https://huggingface.co/datasets/Kevin355/Who_and_When,59b9fcba1aaed7bbf206b5f4d3c68b8face2f49c,d89902ea8b904c8b5faef78503b4a940f97d16a520fe443dc0d2b448aeee2532,18130,1,,not declared in dataset card,verified,File SHA-256 verified locally.
huggingface,data/raw/huggingface/Kevin355_Who_and_When/Who&When/Hand-Crafted/44.json,https://huggingface.co/datasets/Kevin355/Who_and_When,59b9fcba1aaed7bbf206b5f4d3c68b8face2f49c,bda7007b3fd11e57f964b3223921e0f40f45bf33b649ff66a6d3d697d950321b,134718,1,,not declared in dataset card,verified,File SHA-256 verified locally.
huggingface,data/raw/huggingface/Kevin355_Who_and_When/Who&When/Hand-Crafted/45.json,https://huggingface.co/datasets/Kevin355/Who_and_When,59b9fcba1aaed7bbf206b5f4d3c68b8face2f49c,5fc7153264cdf613c3038a21d2fa81dac8aa4058de84d2e9aa2b4ba9a34703f9,26348,1,,not declared in dataset card,verified,File SHA-256 verified locally.
huggingface,data/raw/huggingface/Kevin355_Who_and_When/Who&When/Hand-Crafted/46.json,https://huggingface.co/datasets/Kevin355/Who_and_When,59b9fcba1aaed7bbf206b5f4d3c68b8face2f49c,d16ecb6d91cf2acaf590061a0cea2be1d6617d4d7949c83d88eaa7fbcbb06d69,173964,1,,not declared in dataset card,verified,File SHA-256 verified locally.
huggingface,data/raw/huggingface/Kevin355_Who_and_When/Who&When/Hand-Crafted/47.json,https://huggingface.co/datasets/Kevin355/Who_and_When,59b9fcba1aaed7bbf206b5f4d3c68b8face2f49c,b103fa90c96b40008238aa9b935bd4e5adf5765787dc4550ed3432c729935f02,52085,1,,not declared in dataset card,verified,File SHA-256 verified locally.
huggingface,data/raw/huggingface/Kevin355_Who_and_When/Who&When/Hand-Crafted/48.json,https://huggingface.co/datasets/Kevin355/Who_and_When,59b9fcba1aaed7bbf206b5f4d3c68b8face2f49c,764b6874f04c3178865e01d475c65c4a8ff4d49d4928cd0019648d6ae4f817ee,13307,1,,not declared in dataset card,verified,File SHA-256 verified locally.
huggingface,data/raw/huggingface/Kevin355_Who_and_When/Who&When/Hand-Crafted/49.json,https://huggingface.co/datasets/Kevin355/Who_and_When,59b9fcba1aaed7bbf206b5f4d3c68b8face2f49c,f7f2429e46517bb8c4e944cce555013ee9b11c10d76bc3080f5a5f7dd0ba7af1,44797,1,,not declared in dataset card,verified,File SHA-256 verified locally.
huggingface,data/raw/huggingface/Kevin355_Who_and_When/Who&When/Hand-Crafted/5.json,https://huggingface.co/datasets/Kevin355/Who_and_When,59b9fcba1aaed7bbf206b5f4d3c68b8face2f49c,939402b23dcaca053d20db6c7ef7d8505fc63df94c077c64469a8c6ef553e25f,21471,1,,not declared in dataset card,verified,File SHA-256 verified locally.
huggingface,data/raw/huggingface/Kevin355_Who_and_When/Who&When/Hand-Crafted/50.json,https://huggingface.co/datasets/Kevin355/Who_and_When,59b9fcba1aaed7bbf206b5f4d3c68b8face2f49c,b88a942e58342dfcb3458ef0aa8e12d953923d53ad0d62fe9c2b3c789eb48ee6,143740,1,,not declared in dataset card,verified,File SHA-256 verified locally.
huggingface,data/raw/huggingface/Kevin355_Who_and_When/Who&When/Hand-Crafted/51.json,https://huggingface.co/datasets/Kevin355/Who_and_When,59b9fcba1aaed7bbf206b5f4d3c68b8face2f49c,74b171dd5e11bbeed1ef648ce591155e8661eec9a820e2b29e81d9cae9b5125a,188103,1,,not declared in dataset card,verified,File SHA-256 verified locally.
huggingface,data/raw/huggingface/Kevin355_Who_and_When/Who&When/Hand-Crafted/52.json,https://huggingface.co/datasets/Kevin355/Who_and_When,59b9fcba1aaed7bbf206b5f4d3c68b8face2f49c,a3b8aa48acb68550e5cdc61a31b5c4dc2db2545724028859d264c7b940276373,28016,1,,not declared in dataset card,verified,File SHA-256 verified locally.
huggingface,data/raw/huggingface/Kevin355_Who_and_When/Who&When/Hand-Crafted/53.json,https://huggingface.co/datasets/Kevin355/Who_and_When,59b9fcba1aaed7bbf206b5f4d3c68b8face2f49c,99311831d43f8696be8cff870a486aa39bf13923edc4de84180fccd62852b82c,32126,1,,not declared in dataset card,verified,File SHA-256 verified locally.
huggingface,data/raw/huggingface/Kevin355_Who_and_When/Who&When/Hand-Crafted/54.json,https://huggingface.co/datasets/Kevin355/Who_and_When,59b9fcba1aaed7bbf206b5f4d3c68b8face2f49c,247a23ca65188abb0183a27e44215381a3a8b1c130980d3866bdcd38f99a3797,20073,1,,not declared in dataset card,verified,File SHA-256 verified locally.
huggingface,data/raw/huggingface/Kevin355_Who_and_When/Who&When/Hand-Crafted/55.json,https://huggingface.co/datasets/Kevin355/Who_and_When,59b9fcba1aaed7bbf206b5f4d3c68b8face2f49c,808eb4c2def163bf80a17101aaf78d965c57573f78eed12618c97e02f3c2757e,46901,1,,not declared in dataset card,verified,File SHA-256 verified locally.
huggingface,data/raw/huggingface/Kevin355_Who_and_When/Who&When/Hand-Crafted/56.json,https://huggingface.co/datasets/Kevin355/Who_and_When,59b9fcba1aaed7bbf206b5f4d3c68b8face2f49c,9d70b47e768caf80adb8a19dc0dfcd7b9b45e25dec0f00bab5dbc00f65c647fe,189043,1,,not declared in dataset card,verified,File SHA-256 verified locally.
huggingface,data/raw/huggingface/Kevin355_Who_and_When/Who&When/Hand-Crafted/57.json,https://huggingface.co/datasets/Kevin355/Who_and_When,59b9fcba1aaed7bbf206b5f4d3c68b8face2f49c,4238902ced1a0132d05c73722fca65d9eea6b1471af2b5aa214f323e3da47804,21855,1,,not declared in dataset card,verified,File SHA-256 verified locally.
huggingface,data/raw/huggingface/Kevin355_Who_and_When/Who&When/Hand-Crafted/58.json,https://huggingface.co/datasets/Kevin355/Who_and_When,59b9fcba1aaed7bbf206b5f4d3c68b8face2f49c,01b3063ebb5fabc586b0045ef790d856bf11e5404d168cda6dba376bc9b77096,153359,1,,not declared in dataset card,verified,File SHA-256 verified locally.
huggingface,data/raw/huggingface/Kevin355_Who_and_When/Who&When/Hand-Crafted/6.json,https://huggingface.co/datasets/Kevin355/Who_and_When,59b9fcba1aaed7bbf206b5f4d3c68b8face2f49c,c76370b334b94b0af0cb31f51cf1e378c065ab5881fb58394a87b36e3dd5e748,10776,1,,not declared in dataset card,verified,File SHA-256 verified locally.
huggingface,data/raw/huggingface/Kevin355_Who_and_When/Who&When/Hand-Crafted/7.json,https://huggingface.co/datasets/Kevin355/Who_and_When,59b9fcba1aaed7bbf206b5f4d3c68b8face2f49c,a430231b1ac79cf41a7452d07b62152b91322020fbd5afe4cab04a9ae12ecbe5,39684,1,,not declared in dataset card,verified,File SHA-256 verified locally.
huggingface,data/raw/huggingface/Kevin355_Who_and_When/Who&When/Hand-Crafted/8.json,https://huggingface.co/datasets/Kevin355/Who_and_When,59b9fcba1aaed7bbf206b5f4d3c68b8face2f49c,d7098419277cfed33208d319b6de403217b5946e795c665489feca6600cd04ec,186276,1,,not declared in dataset card,verified,File SHA-256 verified locally.
huggingface,data/raw/huggingface/Kevin355_Who_and_When/Who&When/Hand-Crafted/9.json,https://huggingface.co/datasets/Kevin355/Who_and_When,59b9fcba1aaed7bbf206b5f4d3c68b8face2f49c,5ea0ec2ceca68d9234a438c44ebd909084b86809141862a7bfef07d1ae3d4c38,124423,1,,not declared in dataset card,verified,File SHA-256 verified locally.
huggingface,data/raw/huggingface/mcemri_MAST-Data/.gitattributes,https://huggingface.co/datasets/mcemri/MAST-Data,95118ac951421753cf1deb87ddea3b01e693c41b,4b82a91ee8148cb1b5e24b943230b511175bd47edcee18717f907cb6a0ef493a,2582,1,,cc-by-4.0,verified,File SHA-256 verified locally.
huggingface,data/raw/huggingface/mcemri_MAST-Data/MAD_full_dataset.json,https://huggingface.co/datasets/mcemri/MAST-Data,95118ac951421753cf1deb87ddea3b01e693c41b,d636ac63dfc1c6af2d312e862f4b7d383b62d3898d431ccd0e7a79d21d85406f,199574367,1,,cc-by-4.0,verified,File SHA-256 verified locally.
huggingface,data/raw/huggingface/mcemri_MAST-Data/MAD_human_labelled_dataset.json,https://huggingface.co/datasets/mcemri/MAST-Data,95118ac951421753cf1deb87ddea3b01e693c41b,30a0c4075078e9a1b8c39bc608d2b5156cc64c6bda1f6fd262786eb81ff4a286,2662908,1,,cc-by-4.0,verified,File SHA-256 verified locally.
huggingface,data/raw/huggingface/mcemri_MAST-Data/README.md,https://huggingface.co/datasets/mcemri/MAST-Data,95118ac951421753cf1deb87ddea3b01e693c41b,1fd0504053da469b0af9f8b2e17180ee1a517be7e68f7e48f3a0756a3e5fe115,2752,1,,cc-by-4.0,verified,File SHA-256 verified locally.
supplied_archive,data/AAT_01_reserving_core.zip,,,4ccb8e2d8ee8d5c6044e1a60bf8547dbd2344f0c389d862e9ab8bdecde5ed114,4099644,1,,mixed; see contained upstream sources,verified,Original user-supplied archive retained unchanged.
supplied_archive,data/AAT_03_oprisk_core.zip,,,efb882b73145c8842db9c2bb56f6193189595179e50003489ec7544c27385a0e,1477168,1,,mixed; see contained upstream sources,verified,Original user-supplied archive retained unchanged.
supplied_archive,data/AAT_04_ai_risk_taxonomies.zip,,,566d8bbbf3aa94b3c06d9d0053626d29166f716fa9fb568ff9bbfba721554977,16868870,1,,mixed; see contained upstream sources,verified,Original user-supplied archive retained unchanged.
supplied_archive,data/AAT_05_agentic_taxonomy.zip,,,22e26801e8be4da2e5302d4b639a2be83f062765394712485441c836a26e08cd,2903606,1,,mixed; see contained upstream sources,verified,Original user-supplied archive retained unchanged.
